0,B00IZ7FH1M
1,B000ID1EYA
2,B00VFZDOC0
3,B00RLFWD2U
4,B00NYZOHWK
5,B00NO86SC4
6,B006ZPO5AK
7,B004P6V2G6
8,B00NCZZU3C
9,B00U3VXZQC
10,B00UUS462A
11,B00TR0C3P4
12,B00RTC159C
13,B003NF7OAI
14,B00NQQTXP8
15,B00NBVTG7I
16,B00S8JGK0Y
17,B00A1XA768
18,B00PQ7MPCS
19,B00MXT4TDK
20,B007XPLI56
21,B00SKBX1NE
22,B00NHQDZ42
23,B00U05Y830
24,B00RLFWO8S
25,B00NQQTXY4
26,B00O59C9WY
27,B00RLFWDRU
28,B00NCZZJ6U
29,B00RTC1EO8
30,B00XRDHG36
31,B00TDP7RZY
32,B00TLENM5G
33,B00N4ONUCE
34,B00TLFTTB6
35,B00FRMJ84A
36,B00M5KD7FI
37,B00TDP7KKQ
38,B00MXT4TP8
39,B00ND5ZITC
40,B00O59BZ1U
41,B00MXT4T94
42,B00NQQTXW6
43,B00LOR0H1A
44,B00TPMDLO6
45,B00ND000N6
46,B00NCZZTPG
47,B00UUS46FW
48,B00VZ36JLK
49,B00UUS460C
50,B00TPMDIFS
51,B00MXT4SZ4
52,B00NBVTKII
53,B00NBVTG1E
54,B00RTC162S
55,B00N4OP3OW
56,B00LD6KJXI
57,B007H0WFKE
58,B00NOIC7CY
59,B00U5MVOX0
60,B00ND5ZWIE
61,B00NQQTXNK
62,B00NHLA15I
63,B00NCZZXMK
64,B00KR2Q0LY
65,B00TDP7R2W
66,B00TPMDII0
67,B00O5COSQG
68,B00SOG4Q6G
69,B00ND5ZWQQ
70,B00TPMDNRQ
71,B00ND5ZIRY
72,B00NHLA1V2
73,B00NCZZXEI
74,B00PQ7M89I
75,B00SDJG51S
76,B00R0RCXY2
77,B00NBVTHL8
78,B00PMAPYCW
79,B00T03U602
80,B007OUZBMQ
81,B00T03U65W
82,B00NQQTZBA
83,B00ND5ZPLI
84,B00UJGU9GK
85,B00MK0YLOE
86,B00RYZRB9M
87,B00T03U620
88,B00V5YA2U8
89,B00SDHLA06
90,B00UJGUBWW
91,B00NQQTZ9C
92,B00PP6VZ3A
93,B00NHPH4LI
94,B00PTYXTGY
95,B00LK0M6CY
96,B00T03TQZS
97,B00VJKT84E
98,B00T03U04Y
99,B00UKUCI9Q
100,B00T03U6A2
101,B00NBVTKO2
102,B00Q058PRE
103,B00SO7HEU0
104,B00VJKT1BY
105,B00SOI6CTS
106,B00IFWSMOG
107,B00M4KLUNA
108,B00NSB56WK
109,B00NHLA19E
110,B00N4UJFWC
111,B00TVIFZ3O
112,B00LD3MQ6E
113,B00VJKTF6U
114,B00M5AT30G
115,B00MYWGC36
116,B00VJKTFYW
117,B00VJKTFK6
118,B00T03TFFO
119,B00T03UAO4
120,B00T03TQVW
121,B00NXTFYWO
122,B00TF8ZZV2
123,B00U26LT34
124,B00MYWH686
125,B00M5AT31U
126,B00MJYHTCC
127,B00R7FDM60
128,B00N1Q5WLW
129,B00SOI6D7Y
130,B00VJKT1RS
131,B00T03UAR6
132,B00J0V3TJE
133,B00T03U0RG
134,B00N1Q5WYO
135,B00T03TANQ
136,B00R7FDMRY
137,B00VJKT8CG
138,B00VJKT0LK
139,B0009I6SQ8
140,B00V5YA2A8
141,B00N4UJFXG
142,B00TVIFZ1Q
143,1601257457
144,B00VJKTLK0
145,B00VYAFT24
146,B00N4UJFFE
147,B00MYWGG28
148,B00R7N0HDI
149,B00VQ7PUOC
150,B00MYL9BFS
151,B00TLENM10
152,B00NMEGEXI
153,B00VJKTFA6
154,B00VJKT15K
155,B00VJKTFS8
156,B00MK0YLBM
157,B00T03UAPS
158,B00XRDHD2K
159,B00T03TFJ0
160,B00V5YA2PS
161,B00SDHL9UW
162,B00OTLHNI8
163,B00NHPH4CM
164,B00U5UH9CC
165,B00VJKT8NA
166,B00VJKT8DK
167,B00TXI1MZW
168,B00TPMDQWI
169,B00N4UJJVE
170,B00IOSSX9U
171,B00T03UAUS
172,B00T03U6AC
173,B00SOG4PV2
174,B00VJKT89O
175,B00T03TFYK
176,B00T03TATA
177,B00RYZRAUM
178,B00N4UJK4U
179,B00V5YA29Y
180,B00V5YA2TY
181,B00ST80YLU
182,B00T0GY3U8
183,B00V5Y9Y3E
184,B00V5Y9YBQ
185,B00T03TFCW
186,B00V5Y9YES
187,B004CUT67M
188,B00VJKT8KS
189,B00UMW42B4
190,B00LD3NH1M
191,B00T03UF44
192,B00UMW38OQ
193,B00T03UFIA
194,B00V5Y9YHA
195,B00SO7ICEC
196,B00MJYI822
197,B00TXQ0A84
198,B00OD3EVDW
199,B00PMAPP8U
200,B00V5Y9YNO
201,B00UMW3QFW
202,B00UMW39B8
203,B00I2XNK4K
204,B00T03UJYK
205,B00T03TFX6
206,B00TL8UHPA
207,B00MYWGG1E
208,B00HU650X4
209,B00SOG4W56
210,B00SOG4Q3O
211,B00T03TFLI
212,B00UMW39EA
213,B00MYL98OM
214,B00RLFWDFM
215,B00THAGEJA
216,B010SZ80U8
217,B00SDJG5FE
218,B00MYWGFME
219,B00SOG4VMU
220,B00VJKT84Y
221,B00HZ9T64U
222,B00TXNJ45M
223,B00MYWGJ6G
224,B00LD3MTBQ
225,B00TF8ZQJS
226,B00MYL9H52
227,B00TF8ZEJA
228,B00UMW42UU
229,B003V0K5XI
230,B004XCWNSI
231,B00RLFWEDS
232,B00T03U0OO
233,B00XUZH8DE
234,B00SDJGCRA
235,B00R7N0WFQ
236,B00TM0HY9Y
237,B00P4CF108
238,B00T03U1X4
239,B00MYL9MQ6
240,B00XUZH4LK
241,B00HQT1LOC
242,B00MYL9H8O
243,B00OT6KXJE
244,B00P3XWIS6
245,B00IOSSYSA
246,B00MYL9EEG
247,B0060LLICC
248,B003NF04HI
249,B00IWQJ83Y
250,B00U26LQDC
251,B00U26LNJO
252,B004RDL4EC
253,B00V5YA2D0
254,B00WBXLCTM
255,B00T0JDVOO
256,B00Q4CIXFC
257,B00TF8ZF94
258,B00063FE66
259,B00VWIIV3M
260,B00T0JDVN0
261,B00TF8Z7YC
262,B00FXPLJCK
263,B00RQLH25M
264,B00ST80IQQ
265,B00NZ2HAKI
266,B00VJKTLMS
267,B00U26LILC
268,B00TQRVHOG
269,B00SDJG5AO
270,B00SOG00FM
271,B00J05NALW
272,B00UMW433G
273,B00PZYQSQG
274,B00UMW3AKS
275,B00TL8UI2C
276,B00WJ1OP90
277,B00PZYQN70
278,B00PZYQN7A
279,B000I64DYU
280,B00QKLLC1O
281,B00QXKMZH2
282,B00P4CF3BA
283,B00PZYQT24
284,B00M4KM0T8
285,B00PM1MCHQ
286,B00ST819DC
287,B00T68QBSW
288,B00NMEGF1Y
289,B00QR39208
290,B00SXBLKUM
291,B00QR38RHM
292,B00QR38S4O
293,B00WOECWLA
294,B00QR38IV2
295,B00WJ1PPGM
296,B00TU5395E
297,B00VVGIBX0
298,B00Y53UVIO
299,B00OW9KE56
300,B00U9IU82S
301,B00WJ1O6R6
302,B00WJ1P5YY
303,B00T7VS8I4
304,B00T03UAEY
305,B00TPB0LD6
306,B00I5KTM42
307,B00P4CEUS2
308,B00PZYQN7K
309,B00TZZQKXW
310,B00PESY36K
311,B00PESY41Y
312,B00T66JQH2
313,B00WJ1P4TA
314,B00JBJCCSY
315,B00QR38RW2
316,B00SKURVKY
317,B00JBJ3J54
318,B00QR38SZS
319,B00MVV114A
320,B00QV8LXU6
321,B00PNAGN7Q
322,B00QKLL5HA
323,B00TPB0KUU
324,B00P4CF10S
325,B00XRDHFYG
326,B003B84946
327,B00WJ1P6AM
328,B00T0GY9GG
329,B00UA91ZD2
330,B00U1KA12G
331,B00VJKT11E
332,B00BXOU20K
333,B00QKFFN3I
334,B00OW9KE60
335,B004SNTXJO
336,B00KH6BQJG
337,B00P4CEUPA
338,B00WJ1P5MG
339,B00QKLM16O
340,B0085309DM
341,B00KQKMIUO
342,B00H2XRACE
343,B00J05N3LY
344,B00WOECX5U
345,B007GEH8DU
346,B00U5O8TYA
347,B00UCWQMZ8
348,B00UD0UYGM
349,B00OW9KE6U
350,B00TZYBMWC
351,B00QV8LXZ6
352,B00BQE5U9A
353,B00J05N01M
354,B00XJ94MGM
355,B00TF8Z7ZG
356,B00T694HM8
357,B00T03TR1Q
358,B00VJKT0QU
359,B00UC1XYWS
360,B00HL2DG2Y
361,B00U7EXKL0
362,B00V0363ZW
363,B00S61N94Y
364,B00UPAYYCA
365,B00U1JPRXU
366,B00Y53V7AK
367,B00TL8ULJW
368,B00PP6W6R4
369,B00U5O8TZE
370,B00TZKXTZY
371,B00TLENM8S
372,B00YRA3H4U
373,B00TZKXX32
374,B00BJ5MJ3G
375,B004J0RXAC
376,B00T68PZ4S
377,B00JBIYO18
378,B00TY41IO0
379,B00SXBLH3W
380,B00DTWW6MG
381,B00TYHJ7NG
382,B00421BD72
383,B00TYHJ7MW
384,B00M5AT2YS
385,B0067J03LY
386,B00SDJG6MG
387,B00TPMDLOQ
388,B00TLENR2O
389,B00007KGZG
390,B00TLENR4C
391,B00T68Q34E
392,B00U1MEX5U
393,B00C1ZX298
394,B00TE8YF9G
395,B00WJ1O76G
396,B00TL8UHHS
397,B00V0BXJDI
398,B003Y7DQT8
399,B00TYBGSVG
400,B00RGM5O3I
401,B00T68PZ7K
402,B00U1JPRS0
403,B00TFWP2XE
404,B00X9ESP38
405,B00V0BXJI8
406,B00U2SD340
407,B00TFWP3GU
408,B00V0BXJK6
409,B00TF8Z88W
410,B00THG7HBI
411,B00J80IY1U
412,B00BI32JPC
413,B0111E4EAA
414,B00RGM5OB0
415,B00TL8UHOG
416,B00V3DHJC0
417,B000HB03RW
418,B00U7EXCUY
419,B00Q86YIRG
420,B00UAQ417M
421,B00V0BXPFK
422,B00V0BXP1O
423,B00THAGEL8
424,B00TV0SUIO
425,B00TV0SOCG
426,B00TFWOXVQ
427,B00WOECWW4
428,B00OETKWCE
429,B00UHCRO78
430,B00V036C1W
431,B00TV0SMDM
432,B00TF8Z7NS
433,B00MU535FK
434,B00SO7HT9G
435,B00TV0SMLO
436,B00UYNAA08
437,B00UYJO788
438,B00UJGU9AG
439,B00V0BY1DU
440,B00WJ1O6P8
441,B00V0BXP8W
442,B00N585DQK
443,B00N3T3JXU
444,B00WO6P364
445,B00NEOBSK0
446,B00U7EXCN6
447,B00IQ8MVNC
448,B00J49UTW2
449,B00UA91ZHI
450,B00EAHXN6M
451,B00KNT6K0C
452,B006ROJM2K
453,B00IFWSMMS
454,B00KNT6NHM
455,B00QLVO3LY
456,B00KNT6TZI
457,B00TY40GZW
458,B00IGNWYGQ
459,B00C6PY8D2
460,B00IUAAK7U
461,B0147YATSW
462,B00IQ8MVN2
463,B00J49UTOK
464,B00MWDHDMQ
465,B00T0JDVA8
466,B00DECZ5D8
467,B00IVP15K0
468,B00IVP17B2
469,B00M4KGKKS
470,B0036RMD5Y
471,B00MYL9JU0
472,B00JRGVD90
473,B00IGR5G3U
474,B00T694HLO
475,B019RP6U8E
476,B00FF5I5MU
477,B00FJ5UQI2
478,B00OMVPX0K
479,B00BG8F0IW
480,B00LY8K2A0
481,B00VJKT1SW
482,B00FAQW0MK
483,B00CS0F21M
484,B00EW3GLLS
485,B009Q3J99A
486,B00BBLCYH4
487,B00V0BXJS8
488,B00O9QMTGO
489,B00TE8YLAE
490,B00IJVN21Q
491,B00CI6JDGQ
492,B0061HPYV6
493,B00TV0SMBY
494,B00TE8YG0Y
495,B00V0BXP3M
496,B00CI6J3HA
497,B00ILA6YLK
498,B00TE8YPDW
499,B00N3T3GSS
500,B00TV0SUI4
501,B00KR2Q3HU
502,B00HHGH6E8
503,B00HEVJAWC
504,B00HEWBQWI
505,B00HHGG0OU
506,B00HHGHAK8
507,B00HEVMW68
508,B00HHGH5YO
509,B00HHGG2CK
510,B00HEW41JS
511,B00HEWBQUK
512,B00HEWBPWO
513,B00HEWBP4C
514,B00HHGH4R2
515,B00HEWBRL8
516,B00HHGFXWU
517,B00HHGFJ7E
518,B00HHG6QXK
519,B00HHG71I4
520,B00HHG787S
521,B00HHG7FP8
522,B00HHG7GSE
523,B00HEWZUNY
524,B00HEWMK0K
525,B00HHG7OWW
526,B00HHG84B2
527,B00HHG85OI
528,B00HHG8CWS
529,B00HE6BKDO
530,B00HHG8O6M
531,B00HHG9UX8
532,B00HHG9ZC4
533,B00HHGAS02
534,B00HHGBL94
535,B00HHGCKGW
536,B00HHGCZX0
537,B00HHGJ96Q
538,B00HHGFHIA
539,B00HEVB89K
540,B00HHGJUR4
541,B00HHGJSFS
542,B00HHIUX8W
543,B00HHH2NCM
544,B00HHHXQWS
545,B00HEU75HK
546,B00HHIG9FI
547,B00HHIP02Q
548,B00HHIPB7K
549,B00HHIPMBK
550,B00HHIPQY8
551,B00HHIQ2PU
552,B00HHIUHZ6
553,B00HHJAIK4
554,B00HHGZU50
555,B00HHJCR08
556,B00HHJE2MY
557,B00HHJLHKO
558,B00HEU0CMK
559,B00HHK7FX6
560,B00HHK7HTS
561,B00HHKDSIM
562,B00HHKVERY
563,B00HHKY110
564,B00HETZS48
565,B00HHH0A3G
566,B00HEUMZ20
567,B00HHG6PSQ
568,B00HHGOOGG
569,B00HEVAZ5S
570,B00HHGJW7C
571,B00HEVAPHQ
572,B00HHGK10O
573,B00HHGKA6O
574,B00HHGKE6A
575,B00HHGL194
576,B00HHGL3EC
577,B00HHGLTF0
578,B00HHGLVU8
579,B00HHGOVY6
580,B00HHGZL1I
581,B00HHGPA3M
582,B00HHGSGFQ
583,B00HHGSHHS
584,B00HHGUTVA
585,B00HHGVX4M
586,B00HEVAOAY
587,B00HHGX82C
588,B00HEV5UP8
589,B00HE68EVK
590,B00HE66GK6
591,B00HHG6QGW
592,B00HFPIEMY
593,B00HHG6P68
594,B00HEYGYPK
595,B00HEZ09K0
596,B00HE74558
597,B00HEZ08LU
598,B00HEYUANM
599,B00HE6S6A4
600,B00HH7XXAS
601,B00HE6PFGM
602,B00HEYGZR2
603,B00HH7XXCQ
604,B00HH7XXEE
605,B00HH7XXEY
606,B00HH8HN4E
607,B00HH8NL9A
608,B00HEYGYRS
609,B00HH92BMC
610,B00HH96QR8
611,B00HH9KDBS
612,B00HH9QZYM
613,B00HEYGYR8
614,B00HHB1IBU
615,B00HHB1KTK
616,B00HEZ09PK
617,B00HE8051U
618,B00HEZ0AO0
619,B00HH25GGW
620,B00HH1GASG
621,B00HH1KKKU
622,B00HH1KL72
623,B00HH1KMPI
624,B00HH1KNSY
625,B00HH1L21Q
626,B00HH1L6AS
627,B00HH1M0NU
628,B00HE8052Y
629,B00HEZ0AQI
630,B00HH6E6MI
631,B00HH25GIA
632,B00HH3893I
633,B00HH3NDI4
634,B00HH3T1UI
635,B00HH3UM0Q
636,B00HH4C1XQ
637,B00HH5W9XC
638,B00HEZ0APE
639,B00HEZ0AP4
640,B00HE6CYHU
641,B00HEYGXYC
642,B00HHG6NT2
643,B00HHBWF9E
644,B00HEYGNVK
645,B00HEYGNRY
646,B00HHFAKUQ
647,B00HEYGNR4
648,B00HHFPO70
649,B00HEXY0XE
650,B00HHFXBCA
651,B00HHG0TMY
652,B00HEXVFSC
653,B00HHG3T3U
654,B00HHG5V8Q
655,B00HHG65PO
656,B00HEXUMA4
657,B00HHG6CUW
658,B00HEXU8CG
659,B00HEFXQK0
660,B00HEXKY6G
661,B00HEXJ7ZK
662,B00HHLDC1O
663,B00HHG6I56
664,B00HEX4Y1M
665,B00HHF671C
666,B00HHF4T9E
667,B00HHEKSOK
668,B00HEYGPEK
669,B00HEYGUD6
670,B00HEYGU8G
671,B00HEYGS1U
672,B00HEYGRZM
673,B00HHBXTR6
674,B00HEYGRWU
675,B00HEYGRB6
676,B00HEYGR4S
677,B00HEYGPIQ
678,B00HEYGOPU
679,B00HEYGNWO
680,B00HEYGOP0
681,B00HEYGONM
682,B00HHC25BG
683,B00HHCGPC6
684,B00HEYGOJQ
685,B00HHDFATO
686,B00HEYGOJG
687,B00HHEAIM2
688,B00HEYGNZ6
689,B00HEX5POC
690,B00HHOYHBU
691,B00HHM9EGU
692,B00HIWWB32
693,B00HE567W4
694,B00HIRWH2M
695,B00HISF1E2
696,B00HITP9IY
697,B00HIU9LD2
698,B00HIULWD4
699,B00HIUOA7O
700,B00HIUV5TU
701,B00HIV2LHY
702,B00HIV5ITC
703,B00HIV7MHI
704,B00HIV8U0G
705,B00HERXQOO
706,B00HERWZ2S
707,B00HIVK0O0
708,B00HIW1NBI
709,B00HIW1TQC
710,B00HIW1WHI
711,B00HIW1ZNY
712,B00HIW2B9G
713,B00HERP23M
714,B00HIRV0LQ
715,B00HE57FBQ
716,B00HIR86Y0
717,B00HERZPWU
718,B00HIDRW08
719,B00HIDYQ6G
720,B00HEJZJRY
721,B00HES02RC
722,B00HII56UQ
723,B00HIJ5PW4
724,B00HIJ87T2
725,B00HIJS7QK
726,B00HIKFZ2S
727,B00HIKJU6K
728,B00HIR2HK4
729,B00HIL4KNW
730,B00HIL9V18
731,B00HIMX96K
732,B00HERZBE2
733,B00HIN4Z8K
734,B00HINANF4
735,B00HINYGRK
736,B00HIPD7IM
737,B00HIQFLYY
738,B00HIWWAXS
739,B00HERM2S0
740,B00HHND1HW
741,B00HIWWCXG
742,B00HEOZU5U
743,B00HIXRRC6
744,B00HEOXFNE
745,B00HJ0DHJ0
746,B00HEOX1ZQ
747,B00HJ0G91I
748,B00HEOISVS
749,B00HEOGP2W
750,B00HEOCO5E
751,B00HJ0YLGS
752,B00HJ10R9W
753,B00HJ1CPTW
754,B00HJ1OTZ0
755,B00HENFGKK
756,B00HJ2OBQQ
757,B00HJ6YS9M
758,B00HJ704F8
759,B00HJ75NF4
760,B00HJ777W6
761,B00HEN5HF4
762,B00HEMIL1C
763,B00HIXQ0BK
764,B00HEPLR2E
765,B00HEPVSO6
766,B00HEQTEGO
767,B00HIWWD7Q
768,B00HIWWDGM
769,B00HIWWENE
770,B00HERE00I
771,B00HE55KJU
772,B00HERBCTK
773,B00HE4YLK0
774,B00HER7244
775,B00HE2TMHO
776,B00HIWWENO
777,B00HEQ1O4Y
778,B00HIWWI3K
779,B00HIWWI4O
780,B00HIWWID0
781,B00HIWWINU
782,B00HIWWIOE
783,B00HIWWKMO
784,B00HIWWKPQ
785,B00HEQSW2Q
786,B00HEQQN72
787,B00HID1TRU
788,B00HICV6EM
789,B00HICPCT2
790,B00HICBM78
791,B00HHR7MTQ
792,B00HHT944A
793,B00HHTCXGG
794,B00HHUOS6S
795,B00HHUROYG
796,B00HHWEHM6
797,B00HEG54D6
798,B00HE66DZO
799,B00HEG70MO
800,B00HE5MNUO
801,B00HE5G1G6
802,B00HHWIJIE
803,B00HHYDRIY
804,B00HHZOJ9Y
805,B00HE5FZ2C
806,B00HE5DBHI
807,B00HHZQJI8
808,B00HHZU64G
809,B00HHZWF40
810,B00HETA2WQ
811,B00HI0LW2A
812,B00HHR4JJC
813,B00HHQY33A
814,B00HHQWHGK
815,B00HETOVN2
816,B00HHND1IG
817,B00HHNQ60Q
818,B00HHNQS3Q
819,B00HH1A0R8
820,B00HHP0L78
821,B00HETZGW2
822,B00HETX3H2
823,B00HHP38AK
824,B00HHP5U3I
825,B00HHP63WA
826,B00HHQW9VS
827,B00HHPN30U
828,B00HHPUO7K
829,B00HHPVX8E
830,B00HETK9J2
831,B00HHPYYWQ
832,B00HHQ1HR0
833,B00HETHGPC
834,B00HEG368G
835,B00HHQIBOW
836,B00HET0SCK
837,B00HEGBHYG
838,B00HI0T68C
839,B00HI7VXGI
840,B00HI6PFRM
841,B00HI6PFU4
842,B00HI6PO78
843,B00HI6Q0GW
844,B00HI6TKFA
845,B00HI784TW
846,B00HES5CG8
847,B00HI788LG
848,B00HI7TG5S
849,B00HE5BUKI
850,B00HI6IPR4
851,B00HES4Q7Y
852,B00HES31XO
853,B00HI95UJW
854,B00HI9ZPTC
855,B00HES2C0W
856,B00HIAXZ0M
857,B00HIAZLHM
858,B00HIB8YN4
859,B00HIBD8CQ
860,B00HES8UKS
861,B00HI6EO8S
862,B00HESZU9W
863,B00HI3GZUG
864,B00HESWOJG
865,B00HI0VPYA
866,B00HE5D3PI
867,B00HI0WLRA
868,B00HESWNBK
869,B00HI1Z00O
870,B00HI2WYX4
871,B00HESHFPO
872,B00HI2X0VY
873,B00HI3XT4G
874,B00HI6EIC0
875,B00HI5CFDU
876,B00HI5K1FE
877,B00HI5ULZE
878,B00HEJ3VII
879,B00HESGSWK
880,B00HESF2WC
881,B00HESEG8S
882,B00HESBQOK
883,B00HI6EHZ8
884,B00HH1AP3M
885,B00HH0FV3C
886,B00HH0R87O
887,B00HG159RU
888,B00HFKUAGC
889,B00HG15QG4
890,B00HG16OM4
891,B00HFKUAB2
892,B00HFKUAA8
893,B00HFKUA76
894,B00HG17TOQ
895,B00HFKU968
896,B00HG1AK1K
897,B00HFKU3EG
898,B00HEDLNK2
899,B00HG1DHEM
900,B00HEDL1CC
901,B00HG1E0Z2
902,B00HFKU29C
903,B00HG1EJSA
904,B00HG1GUI2
905,B00HG1GWNK
906,B00HG1MK04
907,B00HG1MLGW
908,B00HG1T0KC
909,B00HFL7X0M
910,B00HG14LGA
911,B00HG05CHI
912,B00HFL7X2U
913,B00HFL81D0
914,B00HG05I36
915,B00HG05L06
916,B00HFL801S
917,B00HG05R1E
918,B00HG09Q2A
919,B00HG0DGC6
920,B00HG0DHB6
921,B00HG0DJQ4
922,B00HFL7ZZA
923,B00HG0DLTO
924,B00HG0DTBY
925,B00HG0DWBQ
926,B00HG0THQK
927,B00HFL7ZQE
928,B00HG0UEYY
929,B00HG0WCSU
930,B00HG125HW
931,B00HFL7X3E
932,B00HG12IUG
933,B00HG12LUS
934,B00HFKU210
935,B00HG1WMFM
936,B00HG1YS5O
937,B00HG2UXMU
938,B00HG6SU58
939,B00HEDKZP6
940,B00HG733GI
941,B00HEDHH2A
942,B00HECBR9K
943,B00HG7A6V8
944,B00HG7EBEQ
945,B00HG7FLAY
946,B00HEC9XB4
947,B00HEBHWWW
948,B00HG7I40S
949,B00HG7LJ8M
950,B00HG7TLC8
951,B00HEB23WQ
952,B00HG8OL5Y
953,B00HG8ZOKU
954,B00HG8ZOQO
955,B00HG8ZQT4
956,B00HFJNHCM
957,B00HELNJMY
958,B00HFIXIAY
959,B00HEDL08W
960,B00HG6PLSW
961,B00HG62D1U
962,B00HFKSHCG
963,B00HJ7NX8S
964,B00HG3KSHY
965,B00HG3MW0K
966,B00HFKU20Q
967,B00HFKU120
968,B00HG3RUKC
969,B00HG3Y1OU
970,B00HG4X1HM
971,B00HG515NI
972,B00HG54NDM
973,B00HG5YQU2
974,B00HG54NG4
975,B00HG54NHS
976,B00HG5YPBW
977,B00HFKITJC
978,B00HFKIAFK
979,B00HFKCU4W
980,B00HG5YPW6
981,B00HFK43LA
982,B00HFJWYXA
983,B00HG05H1Y
984,B00HG05AE8
985,B00HH0R81K
986,B00HEDM1M6
987,B00HFR4K84
988,B00HFR4K8E
989,B00HFR4M2I
990,B00HFR4M8C
991,B00HFR4MAU
992,B00HFR4NSQ
993,B00HFR4NV8
994,B00HFR4OQM
995,B00HFR4ORQ
996,B00HEDLVTK
997,B00HFR4OS0
998,B00HFR4OSU
999,B00HFR4PHU
1000,B00HFPH330
1001,B00HFR4PKC
1002,B00HFR4QY2
1003,B00HFSBFCM
1004,B00HFTNUN8
1005,B00HFTOGKE
1006,B00HFUABYI
1007,B00HFPH2VI
1008,B00HFPH33A
1009,B00HFPH34Y
1010,B00HEDLQOU
1011,B00HFR4K6G
1012,B00HFPSKT6
1013,B00HFPSKXW
1014,B00HFPV6Q0
1015,B00HFQB2FY
1016,B00HFPH4UC
1017,B00HFQB2G8
1018,B00HFQC1TK
1019,B00HFQEJNG
1020,B00HFQEKI0
1021,B00HFQF2EQ
1022,B00HFQMUT6
1023,B00HFPH4SY
1024,B00HEDM478
1025,B00HFPH4NO
1026,B00HFR4DI6
1027,B00HFR4DL8
1028,B00HFR4F98
1029,B00HFR4GRY
1030,B00HFPH4CU
1031,B00HFR4GS8
1032,B00HFR4K5M
1033,B00HFPH1EG
1034,B00HFUAC9C
1035,B00HFUAD9G
1036,B00HFPH1E6
1037,B00HFNNX6S
1038,B00HFNFEN8
1039,B00HFN2XHS
1040,B00HFN2XCS
1041,B00HFN2X7S
1042,B00HFN2X6E
1043,B00HFN1TBY
1044,B00HFYINSA
1045,B00HFMQBXG
1046,B00HFYLX6Y
1047,B00HFLHE1A
1048,B00HEDLT88
1049,B00HFL846O
1050,B00HFL82ZC
1051,B00HFL81GM
1052,B00HFYWOCQ
1053,B00HFZ87EO
1054,B00HFZU0WQ
1055,B00HFZXQUE
1056,B00HG02G3Q
1057,B00HEDLT4C
1058,B00HFNYD6M
1059,B00HFOKHZ2
1060,B00HFOKHZM
1061,B00HFWCI2O
1062,B00HFUNTO2
1063,B00HFV0SLS
1064,B00HFVANUY
1065,B00HFPH1AK
1066,B00HFVH2ZI
1067,B00HFPH196
1068,B00HFVVCDQ
1069,B00HFPGZX4
1070,B00HFPGZVQ
1071,B00HFWDS6O
1072,B00HFOKI42
1073,B00HFXEEMK
1074,B00HFXYE2K
1075,B00HFPGZTS
1076,B00HEDLUJQ
1077,B00HFY4USC
1078,B00HEDLUGE
1079,B00HFPGZPW
1080,B00HFPEQJE
1081,B00HFOKI74
1082,B00HFIFQRM
1083,B00HFID516
1084,B00HFHJCR8
1085,B00HGHUEQK
1086,B00HGHYPYW
1087,B00HGI6SKK
1088,B00HEF1QIO
1089,B00HF4MF02
1090,B00HGIAYYQ
1091,B00HF4KPC2
1092,B00HGIMM32
1093,B00HF3OMRC
1094,B00HF2Y73W
1095,B00HGIQCI8
1096,B00HGJ0UIU
1097,B00HEFJ6SG
1098,B00HF12NK2
1099,B00HF0XKF0
1100,B00HF0A6N4
1101,B00HGJAKEE
1102,B00HEZQ3NC
1103,B00HEZK8ZG
1104,B00HEZB06C
1105,B00HGJCEZW
1106,B00HGKCYTC
1107,B00HEEHSUU
1108,B00HGHG5Y0
1109,B00HFGVC1I
1110,B00HEDNKLC
1111,B00HGASETQ
1112,B00HGAUCJ6
1113,B00HGB6M44
1114,B00HGB6MEY
1115,B00HGB8UM6
1116,B00HGB8UMG
1117,B00HGBCP0E
1118,B00HGBCP7M
1119,B00HGCSD2M
1120,B00HGDU3RE
1121,B00HGEXVV8
1122,B00HGFUBPQ
1123,B00HF6HGVI
1124,B00HF6HEQU
1125,B00HF6ACBE
1126,B00HGG2PY0
1127,B00HF5JFNQ
1128,B00HGGV0SW
1129,B00HF5GRPA
1130,B00HE8JKAC
1131,B00HEDNISC
1132,B00HGKE4W2
1133,B00HGKPH32
1134,B00HGLR4VE
1135,B00HGMB0Z4
1136,B00HGUB2UE
1137,B00HGVDMRE
1138,B00HGVVNKC
1139,B00HGVW75W
1140,B00HGVXS0K
1141,B00HGVY0IE
1142,B00HGVZJIY
1143,B00HEZ0BKS
1144,B00HGW4S1W
1145,B00HGW4W7M
1146,B00HGWOVIW
1147,B00HEZ0BKI
1148,B00HGXU5ZY
1149,B00HGYQGZQ
1150,B00HGYVF4S
1151,B00HEZ0AS6
1152,B00HGZNAW2
1153,B00HH07YAK
1154,B00HH0CDJ2
1155,B00HFPM3IK
1156,B00HH0FW0E
1157,B00HGU8C2A
1158,B00HGU6UKQ
1159,B00HGTZ1DE
1160,B00HGSDDIA
1161,B00HGME52Y
1162,B00HGNH980
1163,B00HGO06KM
1164,B00HGPI9VY
1165,B00HEZ6G3O
1166,B00HGPWDBQ
1167,B00HGPYH60
1168,B00HGQ5OB6
1169,B00HGQABHS
1170,B00HGSG7V0
1171,B00HGSVPYE
1172,B00HGSGNGO
1173,B00HGSO0A0
1174,B00HGSQFF8
1175,B00HGST4Y2
1176,B00HGSV6TS
1177,B00HEZ0CLQ
1178,B00HEZ0BP8
1179,B00HEZ0BN0
1180,B00HEZ0BMQ
1181,B00HF6HHJO
1182,B00HGAQNIK
1183,B00HGAQ8X0
1184,B00HGA8AAE
1185,B00HG90VOI
1186,B00HFDSQP6
1187,B00HG9108E
1188,B00HFDGWWU
1189,B00HEA2DL8
1190,B00HG910K2
1191,B00HG910Q6
1192,B00HFDELG4
1193,B00HFDEFH4
1194,B00HG912FU
1195,B00HG915LQ
1196,B00HG915TS
1197,B00HFDBFIQ
1198,B00HG915ZW
1199,B00HE8JL2E
1200,B00HFCZRM2
1201,B00HG9162Y
1202,B00HG9LTDA
1203,B00HGA8A3G
1204,B00HGA8A4K
1205,B00HFCHJLE
1206,B00HG90IW8
1207,B00HG90IVO
1208,B00HG90792
1209,B00HEAMP0C
1210,B00HFGJATE
1211,B00HFGHR4Y
1212,B00HFGEA1W
1213,B00HFG7LNQ
1214,B00HFG4H2O
1215,B00HFG2TNS
1216,B00HFFXF7I
1217,B00HFFTM7U
1218,B00HFFT9FA
1219,B00HFFFZ76
1220,B00HG8ZUM2
1221,B00HFFE1G2
1222,B00HFFCVSC
1223,B00HFF5B8O
1224,B00HFEUX10
1225,B00HFEP7F2
1226,B00HFE8C4A
1227,B00HFE5OF0
1228,B00HFDZCDA
1229,B00HG8ZR0M
1230,B00HGA8A7W
1231,B00HGA8ACW
1232,B00HGAOI3W
1233,B00HFCD50S
1234,B00HGA8GCQ
1235,B00HGA8GDK
1236,B00HGA8GGM
1237,B00HGA8GXU
1238,B00HGA8GYO
1239,B00HGA8H4S
1240,B00HGA8HKC
1241,B00HGA8I60
1242,B00HGA8KI6
1243,B00HGA8KJK
1244,B00HGA8N74
1245,B00HGA8NC4
1246,B00HGA8NVA
1247,B00HGAJKTE
1248,B00HGAJNCI
1249,B00HGAJNEQ
1250,B00HGAJNF0
1251,B00HF8TEUM
1252,B00HEDM8W4
1253,B00HGANDS8
1254,B00HF8KIMK
1255,B00HF8WE90
1256,B00HGA8GC6
1257,B00HGA8FNQ
1258,B00HGA8EVO
1259,B00HFC18QG
1260,B00HGA8AZO
1261,B00HGA8B08
1262,B00HGA8B12
1263,B00HGA8BRQ
1264,B00HGA8D9W
1265,B00HGA8DTW
1266,B00HGA8ESW
1267,B00HGA8ET6
1268,B00HFBQL5A
1269,B00HF8X4CQ
1270,B00HF9UGN0
1271,B00HF9HKGQ
1272,B00HF9AJGO
1273,B00HF97I4K
1274,B00HGA8EZK
1275,B00HF97GG0
1276,B00HF97GE2
1277,B00HF97F02
1278,B00HF90WTS
1279,B00HG37U5W
1280,0000031887
1281,B00HJ83G70
1282,B00HOOFF96
1283,B00HOJ2TGI
1284,B00HOJ2UL2
1285,B00HOJ2W2E
1286,B00HOKMYDU
1287,B00HOLTF1I
1288,B00HOLX9P6
1289,B00HOM0ASE
1290,B00HOMH0FK
1291,B00HOMIK2C
1292,B00HOMVAW4
1293,B00HOMYKU8
1294,B00HOO9PWY
1295,B00HOODC8M
1296,B00HOOK6F4
1297,B00HO2CT8S
1298,B00HOP11DE
1299,B00HOP3XD0
1300,B00HOPHONU
1301,B00HOPUVU8
1302,B00HOQQU5W
1303,B00HOR495E
1304,B00HORN75C
1305,B00HORZV06
1306,B00HOSD9EK
1307,B00HOSDC60
1308,B00HOSDDUU
1309,B00HOSDFYE
1310,B00HOSNYJK
1311,B00HOJ2LOI
1312,B00HOJ2IY6
1313,B00HOINTYU
1314,B00HOIG0PK
1315,B00HO4SY0I
1316,B00HO5VA80
1317,B00HO7GDQM
1318,B00HO7V4XE
1319,B00HOC3ZKO
1320,B00HOCICBG
1321,B00HOCIFV8
1322,B00HOCIGBW
1323,B00HOCXFBS
1324,B00HODLCIK
1325,B00HOE7L3E
1326,B00HOEGFF4
1327,B00HOFZTNW
1328,B00HOG7QYG
1329,B00HOGMWBS
1330,B00HOGTX1U
1331,B00HOGTXIS
1332,B00HOGX096
1333,B00HOGX3HA
1334,B00HOGZWLK
1335,B00HOHAAYS
1336,B00HOHBK6U
1337,B00HOHL7OA
1338,B00HOHU9RG
1339,B00HOI1SDE
1340,B00HOI4UN4
1341,B00HOI5KSS
1342,B00HOSZ290
1343,B00HOT1R52
1344,B00HOTU2PS
1345,B00HPEXPZG
1346,B00HPIEK60
1347,B00HPIEW18
1348,B00HPJJZDC
1349,B00HPJZ3UG
1350,B00HPKKC2O
1351,B00HPKR0JC
1352,B00HPL0V4M
1353,B00HPL10BK
1354,B00HPL75VY
1355,B00HPLAICM
1356,B00HPLZUQG
1357,B00HPM0E8Y
1358,B00HPM0ID0
1359,B00HPM0IHQ
1360,B00HPM0KSI
1361,B00HPM0TWA
1362,B00HPM13SY
1363,B00HPM13WU
1364,B00HPM171W
1365,B00HPM175S
1366,B00HPM179E
1367,B00HPM1AEQ
1368,B00HPM1DEI
1369,B00HPMA6IW
1370,B00HPMBUHI
1371,B00HPN6WNO
1372,B00HPN6ZCM
1373,B00HPH1AYQ
1374,B00HPAE1AS
1375,B00HOUVTDQ
1376,B00HPA5FO4
1377,B00HOV8ODS
1378,B00HOVG1NI
1379,B00HOVUE1S
1380,B00HOVZBUW
1381,B00HOX7KPO
1382,B00HP0C4OI
1383,B00HP18JIW
1384,B00HP1CW76
1385,B00HP1RADC
1386,B00HP1TDKU
1387,B00HP24HVO
1388,B00HP2FKJM
1389,B00HP2NQEI
1390,B00HP3QWX4
1391,B00HP3YA3S
1392,B00HP434ES
1393,B00HP46QUC
1394,B00HP476E2
1395,B00HP49E60
1396,B00HP56PM0
1397,B00HP618M6
1398,B00HP6DF6I
1399,B00HP8RLPC
1400,B00HP92XKO
1401,B00HP97GFG
1402,B00HP9DCR2
1403,B00HPA04LS
1404,B00HO4RQWK
1405,B00HO2CFFA
1406,B00HPPCYKW
1407,B00HNSLCV8
1408,B00HNS2F3M
1409,B00HNS36J4
1410,B00HNS3UZO
1411,B00HNS4C92
1412,B00HNS50Y8
1413,B00HNS90VW
1414,B00HNS9Q8O
1415,B00HNSAKN4
1416,B00HNSB11Y
1417,B00HNSCDHA
1418,B00HNSFJN0
1419,B00HNSFWB4
1420,B00HNSJW10
1421,B00HNSRYYM
1422,B00HO2BYBQ
1423,B00HNSWUBO
1424,B00HNSZTOO
1425,B00HNT17WG
1426,B00HNTPE5W
1427,B00HNUAAJQ
1428,B00HNUAXAC
1429,B00HNUEG96
1430,B00HNUM0XK
1431,B00HNUSU02
1432,B00HNUZ424
1433,B00HNV7J1M
1434,B00HNV7OL2
1435,B00HNV8KWY
1436,B00HNS2E92
1437,B00HNS28PW
1438,B00HNS206E
1439,B00HNS1V78
1440,B00HNJEYEY
1441,B00HNJMA4K
1442,B00HNJPA38
1443,B00HNJPXI0
1444,B00HNJT3T0
1445,B00HNJU560
1446,B00HNJXMO2
1447,B00HNL2BG0
1448,B00HNL2VG0
1449,B00HNL445Q
1450,B00HNL5O1Y
1451,B00HNL5PY0
1452,B00HNL5RKM
1453,B00HNL5SP6
1454,B00HNL6YDQ
1455,B00HNLBRQK
1456,B00HNLKU4K
1457,B00HNNQ3EE
1458,B00HNOW4Y6
1459,B00HNOWC3E
1460,B00HNP0WF8
1461,B00HNQGWWE
1462,B00HNR54ZY
1463,B00HNR55DK
1464,B00HNS165K
1465,B00HNS1CTU
1466,B00HNS1G82
1467,B00HNVEQDQ
1468,B00HNVOQXG
1469,B00HNVPVBM
1470,B00HNYHUEK
1471,B00HNYHVX0
1472,B00HNYHWZ2
1473,B00HNYHYIW
1474,B00HNYHZ1S
1475,B00HNYHZJA
1476,B00HNYORXM
1477,B00HNYRT4G
1478,B00HNYSCIS
1479,B00HNYUOPC
1480,B00HNYVEJM
1481,B00HNYWN56
1482,B00HNYYEZI
1483,B00HNZ0NSO
1484,B00HNZ66M6
1485,B00HNZ7VYS
1486,B00HNZBDX8
1487,B00HNZCUEO
1488,B00HNZIWJG
1489,B00HNZJVGY
1490,B00HO0B2OC
1491,B00HO0DN30
1492,B00HO0NJU2
1493,B00HO0VC24
1494,B00HO10GF2
1495,B00HO1AYEA
1496,B00HO21A5G
1497,B00HO2BMK4
1498,B00HNYHV5S
1499,B00HNY9E7Q
1500,B00HNVRRXM
1501,B00HNY713K
1502,B00HNVSGUU
1503,B00HNW2D30
1504,B00HNW33NY
1505,B00HNW6CQ4
1506,B00HNW77JK
1507,B00HNW7ME0
1508,B00HNW8OSS
1509,B00HNW9L6M
1510,B00HNWHJGQ
1511,B00HNXFG92
1512,B00HNXI3LK
1513,B00HNXIYFA
1514,B00HNXJYR2
1515,B00HNXJZG2
1516,B00HNXOSNW
1517,B00HNXQ128
1518,B00HNXQ1F0
1519,B00HNY04L6
1520,B00HNY2QBC
1521,B00HNY2RCU
1522,B00HNY2RIY
1523,B00HNY2ROI
1524,B00HNY2RWU
1525,B00HNY30US
1526,B00HNY316G
1527,B00HNY33NW
1528,B00HNY4480
1529,B00HPN703K
1530,B00HPQWVPO
1531,B00HNJ9SRM
1532,B00HQJYZLS
1533,B00HQIZBE4
1534,B00HQJOQ3K
1535,B00HQJW9ZM
1536,B00HQJXALO
1537,B00HQJXC9E
1538,B00HQJXIJ8
1539,B00HQJXJ2Y
1540,B00HQJXJH4
1541,B00HQJYPWM
1542,B00HQJYT1O
1543,B00HQJYTE6
1544,B00HQJYTV4
1545,B00HQJYUBI
1546,B00HQJZ418
1547,B00HQBP86C
1548,B00HQJZ4DQ
1549,B00HQJZ4QI
1550,B00HQJZ5QC
1551,B00HQJZAAS
1552,B00HQK0MW8
1553,B00HQK11H8
1554,B00HQK9QES
1555,B00HQKCSV6
1556,B00HQKO2PG
1557,B00HQKXF2W
1558,B00HQL0RFE
1559,B00HQLAKEM
1560,B00HQLALUU
1561,B00HQIZ8Q0
1562,B00HQIE5RS
1563,B00HQHY7JA
1564,B00HQHE0MY
1565,B00HQC8VXI
1566,B00HQC8WKK
1567,B00HQC8WPK
1568,B00HQC8XVI
1569,B00HQCLHH0
1570,B00HQCVMDO
1571,B00HQD0NEC
1572,B00HQD7DEA
1573,B00HQD8I2Q
1574,B00HQDDXJ4
1575,B00HQDIFYM
1576,B00HQDIJ5C
1577,B00HQDIK06
1578,B00HQDIL7I
1579,B00HQDIMAE
1580,B00HQDRWQY
1581,B00HQDZKE0
1582,B00HQE1476
1583,B00HQEBNEA
1584,B00HQEBODU
1585,B00HQEBOPI
1586,B00HQEGQYW
1587,B00HQEK6B6
1588,B00HQFTR2O
1589,B00HQGNCEC
1590,B00HQH2P8U
1591,B00HQHBRQG
1592,B00HQLCAH2
1593,B00HQLFLWS
1594,B00HQLH3SS
1595,B00HQSOD7A
1596,B00HQSTU64
1597,B00HQSTZPK
1598,B00HQT7S5S
1599,B00HQTX1S6
1600,B00HQTY5KY
1601,B00HQUGZRO
1602,B00HQURZCI
1603,B00HQUUI0E
1604,B00HQV3WL0
1605,B00HQVZ4T8
1606,B00HQWTQG4
1607,B00HQXIAIS
1608,B00HQXJ7UI
1609,B00HQXQOIQ
1610,B00HQXWFVQ
1611,B00HQXXAC4
1612,B00HQXXHJU
1613,B00HQY24CU
1614,B00HQY56KM
1615,B00HQY7GDC
1616,B00HQZUR9G
1617,B00HR05JMA
1618,B00HR0MVDU
1619,B00HR0N9XG
1620,B00HR0NBAM
1621,B00HR0NCLK
1622,B00HR0NHEM
1623,B00HQSPV2G
1624,B00HQSNO52
1625,B00HQLHRNY
1626,B00HQSHKRA
1627,B00HQLJH6Y
1628,B00HQLL8KC
1629,B00HQLWN8S
1630,B00HQMAKXC
1631,B00HQMDVBA
1632,B00HQMDX18
1633,B00HQMDYLM
1634,B00HQMJP2E
1635,B00HQMLFOA
1636,B00HQMNCAU
1637,B00HQMSLK6
1638,B00HQNW1NS
1639,B00HQNY32U
1640,B00HQO1T1C
1641,B00HQO5S64
1642,B00HQOBD86
1643,B00HQOEVV2
1644,B00HQOPRI8
1645,B00HQORLYQ
1646,B00HQOUCUQ
1647,B00HQPBIY4
1648,B00HQPHN20
1649,B00HQPPVD8
1650,B00HQR56N6
1651,B00HQSAF8Q
1652,B00HQSBO2M
1653,B00HQSGB02
1654,B00HQC6JFA
1655,B00HQB11TK
1656,B00HPRB6L8
1657,B00HQ36U58
1658,B00HQ1FZTC
1659,B00HQ1I2MO
1660,B00HQ1JRLY
1661,B00HQ1KB46
1662,B00HQ1PLOQ
1663,B00HQ1RTC8
1664,B00HQ28O5S
1665,B00HQ2D1YC
1666,B00HQ2FQAO
1667,B00HQ2HSLE
1668,B00HQ2RPUS
1669,B00HQ2XM46
1670,B00HQ2XRSM
1671,B00HQ39KRI
1672,B00HQB10QO
1673,B00HQ3A6NA
1674,B00HQ3JESS
1675,B00HQ3TK4Q
1676,B00HQ4PMD8
1677,B00HQ4VI2W
1678,B00HQ5HY74
1679,B00HQ5MNW0
1680,B00HQ64UCU
1681,B00HQ64UG6
1682,B00HQ64YFS
1683,B00HQ69EMQ
1684,B00HQ6HZCW
1685,B00HQ6I4PY
1686,B00HQ1EIRC
1687,B00HQ1EF2U
1688,B00HQ1B8R0
1689,B00HQ15MHM
1690,B00HPRRB62
1691,B00HPSS9TE
1692,B00HPT5RXO
1693,B00HPUT3F6
1694,B00HPUZGTI
1695,B00HPXI23C
1696,B00HPXKZZK
1697,B00HPXUSM0
1698,B00HPY61CU
1699,B00HPYWDG8
1700,B00HPZBEMQ
1701,B00HPZK5YO
1702,B00HPZN3OS
1703,B00HPZSE2O
1704,B00HPZVCV4
1705,B00HPZWKKG
1706,B00HPZZ5BM
1707,B00HQ00CBO
1708,B00HQ04RCO
1709,B00HQ067N6
1710,B00HQ0AVZ6
1711,B00HQ0B56U
1712,B00HQ0HSS4
1713,B00HQ0JS5K
1714,B00HQ0KQ1K
1715,B00HQ0XQLC
1716,B00HQ102CM
1717,B00HQ6J84U
1718,B00HQ6RSRO
1719,B00HQ7FACI
1720,B00HQAK6NS
1721,B00HQAK7I2
1722,B00HQAK7MS
1723,B00HQAK8AE
1724,B00HQAK8B8
1725,B00HQAK930
1726,B00HQAK980
1727,B00HQAK9NU
1728,B00HQAK9OY
1729,B00HQAKAG6
1730,B00HQAKAHA
1731,B00HQAKAI4
1732,B00HQAKB4C
1733,B00HQAKB4W
1734,B00HQAKB6A
1735,B00HQAKBQU
1736,B00HQAKBR4
1737,B00HQAKBSI
1738,B00HQAKBUG
1739,B00HQAKCHS
1740,B00HQAKCJG
1741,B00HQAKCJQ
1742,B00HQAKCLE
1743,B00HQAKD6I
1744,B00HQB0CT0
1745,B00HQB0RXQ
1746,B00HQB0S3K
1747,B00HQB0UCY
1748,B00HQAK6PQ
1749,B00HQAK642
1750,B00HQ7K4B0
1751,B00HQAK606
1752,B00HQ7T1AK
1753,B00HQ8KTU0
1754,B00HQ8KTUK
1755,B00HQ8KUI6
1756,B00HQ8LIGE
1757,B00HQ8MLX8
1758,B00HQ8X0LU
1759,B00HQ92ERA
1760,B00HQ93R3A
1761,B00HQ9BMDM
1762,B00HQ9EKVI
1763,B00HQ9NIRA
1764,B00HQ9Y3Q0
1765,B00HQA44PO
1766,B00HQA4IGE
1767,B00HQAGAHE
1768,B00HQAK1Y2
1769,B00HQAK1Z6
1770,B00HQAK2QY
1771,B00HQAK2R8
1772,B00HQAK2UA
1773,B00HQAK2YG
1774,B00HQAK2YQ
1775,B00HQAK3Q8
1776,B00HQAK3QI
1777,B00HQAK4I0
1778,B00HQAK4IA
1779,B00HNJCOQY
1780,B00HNJ3TWC
1781,B00HJA25R0
1782,B00HL804EQ
1783,B00HL2EMSQ
1784,B00HL2EN6W
1785,B00HL2ENOO
1786,B00HL2EO2U
1787,B00HL2EOGQ
1788,B00HL2EOU2
1789,B00HL2EPOM
1790,B00HL2GNTW
1791,B00HL2XOUS
1792,B00HL3OXPW
1793,B00HL530GI
1794,B00HL5J9JK
1795,B00HL7QVZ8
1796,B00HL84L0O
1797,B00HKV744M
1798,B00HL88CRC
1799,B00HL8E4MY
1800,B00HL98UAA
1801,B00HL997CK
1802,B00HL9YXNI
1803,B00HLA55WA
1804,B00HLA99MC
1805,B00HLA9CS8
1806,B00HLAELSO
1807,B00HLAGE0C
1808,B00HLAGT66
1809,B00HLAKACK
1810,B00HLAPAXO
1811,B00HL2DJDU
1812,B00HL2DIRC
1813,B00HL2DI6S
1814,B00HL2DHNM
1815,B00HKVDHXY
1816,B00HKVDJ6E
1817,B00HKVDTT6
1818,B00HKYJVW2
1819,B00HKYY0IW
1820,B00HKZB6NI
1821,B00HKZVPE8
1822,B00HL09W9C
1823,B00HL0L03S
1824,B00HL183AK
1825,B00HL1QHYE
1826,B00HL1R7FC
1827,B00HL1YFOI
1828,B00HL25BPO
1829,B00HL29RWW
1830,B00HL2D8M2
1831,B00HL2D96W
1832,B00HL2D9PI
1833,B00HL2DBMY
1834,B00HL2DC7I
1835,B00HL2DCQE
1836,B00HL2DDIG
1837,B00HL2DE0S
1838,B00HL2DERG
1839,B00HL2DFF2
1840,B00HL2DGQ0
1841,B00HL2DH78
1842,B00HLARCRQ
1843,B00HLASRRU
1844,B00HLAZUJI
1845,B00HLBQGSQ
1846,B00HLC26Z2
1847,B00HLC64L4
1848,B00HLCANC0
1849,B00HLD02P2
1850,B00HLD13MS
1851,B00HLD1VWA
1852,B00HLD64D6
1853,B00HLDH3QS
1854,B00HLFR8FC
1855,B00HLG8X6Y
1856,B00HLI6BXE
1857,B00HLJY8E2
1858,B00HLJYA5Y
1859,B00HLKKNZY
1860,B00HLMHBHU
1861,B00HLNY4AQ
1862,B00HLNZYY6
1863,B00HLOC7Y0
1864,B00HLOF7PG
1865,B00HLOSV5Y
1866,B00HLP5EYE
1867,B00HLP8U1I
1868,B00HLPJ8PU
1869,B00HLPJR7Y
1870,B00HLQ6B9A
1871,B00HLQCJIW
1872,B00HLQT110
1873,B00HLBYZ5M
1874,B00HLBQ3ES
1875,B00HLB32QA
1876,B00HLBMQO4
1877,B00HLBAPJW
1878,B00HLBAR2W
1879,B00HLBASA8
1880,B00HLBAT02
1881,B00HLBATFM
1882,B00HLBB5BY
1883,B00HLBB5VY
1884,B00HLBB8QG
1885,B00HLBBBOA
1886,B00HLBCA7W
1887,B00HLBCRFW
1888,B00HLBCU0E
1889,B00HLBCW0M
1890,B00HLBD0OY
1891,B00HLBD15M
1892,B00HLBD6RA
1893,B00HLBDCBK
1894,B00HLBDJS6
1895,B00HLBDW38
1896,B00HLBDW56
1897,B00HLBDW6U
1898,B00HLBDWA6
1899,B00HLBDYOA
1900,B00HLBDYQ8
1901,B00HLBDYSQ
1902,B00HLBDYZO
1903,B00HLBE1CE
1904,B00HKV9KE4
1905,B00HKU4QBC
1906,B00HLR52KS
1907,B00HJSLVWW
1908,B00HJLWR2W
1909,B00HJN1FL4
1910,B00HJO91QE
1911,B00HJP8B4G
1912,B00HJP9VQI
1913,B00HJP9VU4
1914,B00HJP9VUE
1915,B00HJP9VWW
1916,B00HJP9VXG
1917,B00HJP9VY0
1918,B00HJQOLUS
1919,B00HJRRQR2
1920,B00HJRV5U6
1921,B00HJSWHPW
1922,B00HKU35L4
1923,B00HJTTD94
1924,B00HJTTL4G
1925,B00HJUAX56
1926,B00HJUB8R8
1927,B00HJUB9J0
1928,B00HJUE8PC
1929,B00HJUIUI8
1930,B00HJVEDA6
1931,B00HJWTXM8
1932,B00HJWXTD2
1933,B00HJX9WSM
1934,B00HJXGIDO
1935,B00HJXNUNK
1936,B00HJK78VI
1937,B00HJJWT0E
1938,B00HJJR9VI
1939,B00HJJR9UY
1940,B00HJA289A
1941,B00HJA74QC
1942,B00HJAD0HE
1943,B00HJAR5DO
1944,B00HJAXFEW
1945,B00HJB1YDK
1946,B00HJBHY3O
1947,B00HJBP620
1948,B00HJBYCHA
1949,B00HJBZ3FU
1950,B00HJCGNDU
1951,B00HJCMO7Y
1952,B00HJCUY7G
1953,B00HJCYJEA
1954,B00HJDAIEO
1955,B00HJERW7Y
1956,B00HJFUKEK
1957,B00HJFYBFY
1958,B00HJGTLVW
1959,B00HJI971Y
1960,B00HJIBH2G
1961,B00HJIIKQ2
1962,B00HJIPAEC
1963,B00HJIPZCE
1964,B00HJJ6E4Q
1965,B00HJJDG1K
1966,B00HJJR9K4
1967,B00HJY05GO
1968,B00HJZFDNI
1969,B00HJZVAO4
1970,B00HK7EQEM
1971,B00HK7RAN6
1972,B00HK7T5UW
1973,B00HK83BEC
1974,B00HKE3NH6
1975,B00HKF8Q0E
1976,B00HKFY400
1977,B00HKJ6LCU
1978,B00HKJMFFM
1979,B00HKKICI0
1980,B00HKKN3VQ
1981,B00HKLRTME
1982,B00HKM2WJI
1983,B00HKN71R0
1984,B00HKNICNM
1985,B00HKNSYL2
1986,B00HKQJ0OO
1987,B00HKQJWY2
1988,B00HKQPFNO
1989,B00HKR62NK
1990,B00HE281GW
1991,B00HKRMDO2
1992,B00HKRQ7O4
1993,B00HKRR2E8
1994,B00HKS7KPI
1995,B00HKTPJ0K
1996,B00HKTZ0XQ
1997,B00HKU0XMI
1998,B00HK7IL4I
1999,B00HK7CH7A
2000,B00HJZXDYE
2001,B00HK79YVW
2002,B00HK0LC4G
2003,B00HK1AN18
2004,B00HK1NXWE
2005,B00HK1SIBK
2006,B00HK21BTA
2007,B00HK28D8C
2008,B00HK2AIA8
2009,B00HK2CWGG
2010,B00HK2ESIQ
2011,B00HK2EZWK
2012,B00HK329IG
2013,B00HK38M64
2014,B00HK3H3HS
2015,B00HK3MNDC
2016,B00HK3QOHS
2017,B00HK46WYM
2018,B00HK5D2H6
2019,B00HK632FC
2020,B00HK6O5PI
2021,B00HK6SIZG
2022,B00HK71XZW
2023,B00HK71Y0G
2024,B00HK71Y10
2025,B00HK72NK6
2026,B00HK74TQ2
2027,B00HK77Y2I
2028,B00HK784XG
2029,B00HLQUETS
2030,B00HLRC86O
2031,B00HNJ2LHG
2032,B00HN98D1E
2033,B00HMZJL7E
2034,B00HN0V75C
2035,B00HN1QL6G
2036,B00HN2BUOI
2037,B00HN2BXUY
2038,B00HN4GKNC
2039,B00HN591SM
2040,B00HN7VLME
2041,B00HN7VMA0
2042,B00HN7YZH2
2043,B00HN8DIMO
2044,B00HN8MG5O
2045,B00HN8TP3A
2046,B00HN9BKRI
2047,B00HMULJXS
2048,B00HN9BLPE
2049,B00HN9BLUY
2050,B00HN9C3UG
2051,B00HN9C4U0
2052,B00HN9CAMC
2053,B00HN9CNWO
2054,B00HN9CPBI
2055,B00HN9CSOM
2056,B00HN9CSQU
2057,B00HN9CSVU
2058,B00HN9CSWE
2059,B00HN9D1ZM
2060,B00HN9D206
2061,B00HMZJK0C
2062,B00HMZ3XU0
2063,B00HMYV0O2
2064,B00HMYV0NS
2065,B00HMVGHJI
2066,B00HMVICDC
2067,B00HMVKMVW
2068,B00HMVLI0Q
2069,B00HMVNN90
2070,B00HMVWGJI
2071,B00HMWS6U0
2072,B00HMWVY1S
2073,B00HMX2HJA
2074,B00HMX7RYU
2075,B00HMX8V8Q
2076,B00HMXJLDK
2077,B00HMXS18Q
2078,B00HMXVHP0
2079,B00HMXWSKS
2080,B00HMXXDMA
2081,B00HMXZ7JC
2082,B00HMY0AK2
2083,B00HMY0I5E
2084,B00HMY289S
2085,B00HMY32LG
2086,B00HMYUWBO
2087,B00HMYUWPA
2088,B00HMYUWS2
2089,B00HMYUYJ4
2090,B00HMYUYUS
2091,B00HMYUZ20
2092,B00HN9D22Y
2093,B00HN9D4C2
2094,B00HN9D4IQ
2095,B00HNEQJD8
2096,B00HNEQLDG
2097,B00HNETLNS
2098,B00HNF09OW
2099,B00HNF2JL8
2100,B00HNF321O
2101,B00HNF3O3U
2102,B00HNF4GW8
2103,B00HNFI4OO
2104,B00HNFJFVA
2105,B00HNFOEIE
2106,B00HNFQ2E8
2107,B00HNFQ4O6
2108,B00HNFTLHS
2109,B00HNG3R5O
2110,B00HNG3RQS
2111,B00HNG3VJG
2112,B00HNGATUK
2113,B00HNGE9WY
2114,B00HNHRQW8
2115,B00HNHW4FC
2116,B00HNHY0TA
2117,B00HNI20KK
2118,B00HNI4Q6Q
2119,B00HNI7ELU
2120,B00HNI8LQW
2121,B00HNITCGK
2122,B00HNJ2KL8
2123,B00HNEQK32
2124,B00HNEQJ88
2125,B00HN9D4JA
2126,B00HNEQIOS
2127,B00HN9D4K4
2128,B00HN9D6E8
2129,B00HN9D6PW
2130,B00HN9DB8O
2131,B00HN9DDD2
2132,B00HN9DDOG
2133,B00HN9DM0Q
2134,B00HN9DVNY
2135,B00HNAPNE8
2136,B00HNB9ALE
2137,B00HNC6E8K
2138,B00HNC78JE
2139,B00HNC8PQY
2140,B00HNCN7OE
2141,B00HNCTPFE
2142,B00HNCVVD8
2143,B00HNCW8IK
2144,B00HNCYMSE
2145,B00HND4UGM
2146,B00HNDCT2Y
2147,B00HNE7R3E
2148,B00HNEG302
2149,B00HNEKZ4C
2150,B00HNEM0Q8
2151,B00HNEO5ZC
2152,B00HNEOKES
2153,B00HNEOW1Y
2154,B00HMV4P4C
2155,B00HMUKG0U
2156,B00HLRNPVG
2157,B00HM7XP24
2158,B00HM4IFH2
2159,B00HM609KQ
2160,B00HM6KDJI
2161,B00HM6KRKI
2162,B00HM6UWOY
2163,B00HM6Y7EU
2164,B00HM73ON4
2165,B00HM7BB66
2166,B00HM7CHZA
2167,B00HM7D9HK
2168,B00HM7MUXO
2169,B00HM7TKW8
2170,B00HM7XOJ8
2171,B00HM8BXXG
2172,B00HMUJLOC
2173,B00HM96TTS
2174,B00HM9FMY6
2175,B00HM9GMBI
2176,B00HM9MZEG
2177,B00HM9PYTO
2178,B00HMAK1KU
2179,B00HMBAWNU
2180,B00HMBGV76
2181,B00HMBK9H4
2182,B00HMBL1DU
2183,B00HMC453W
2184,B00HMCLHBU
2185,B00HMCNBIM
2186,B00HM4FXJA
2187,B00HM4CXTI
2188,B00HM48FG8
2189,B00HM2IYDE
2190,B00HLRQB94
2191,B00HLRRQPM
2192,B00HLSFRKC
2193,B00HLSJR8A
2194,B00HLSPL58
2195,B00HLTI424
2196,B00HLTPV2A
2197,B00HLUJWXS
2198,B00HLUM5S2
2199,B00HLV6X98
2200,B00HLV78GA
2201,B00HLV78TW
2202,B00HLW62XE
2203,B00HLWLWHK
2204,B00HLXF838
2205,B00HLXF9KU
2206,B00HLXFB5I
2207,B00HLXL1GQ
2208,B00HLY1CRS
2209,B00HLYEQOY
2210,B00HLYM57Y
2211,B00HLZ4YFY
2212,B00HLZ6OGQ
2213,B00HM0K7KE
2214,B00HM1BSPG
2215,B00HM1JL14
2216,B00HM1JLBE
2217,B00HMCNVGE
2218,B00HMCPOIW
2219,B00HMDSDMU
2220,B00HMEGJKM
2221,B00HMEGKP6
2222,B00HMEHA14
2223,B00HMEI83S
2224,B00HMEIJNM
2225,B00HMEOROM
2226,B00HMFHHB6
2227,B00HMFOME6
2228,B00HMFRZQS
2229,B00HMFURZE
2230,B00HMG2U4O
2231,B00HMG5UQO
2232,B00HMGHLHU
2233,B00HMGQL4E
2234,B00HMH9RY4
2235,B00HMHF09K
2236,B00HMHGGG6
2237,B00HMJBD4Y
2238,B00HMKAM4K
2239,B00HMMR32C
2240,B00HMQJMN6
2241,B00HMRHJ8A
2242,B00HMRLPD0
2243,B00HMRYSES
2244,B00HMT6QUK
2245,B00HMTDKIQ
2246,B00HMTMLK4
2247,B00HMUBYK6
2248,B00HMEGKD8
2249,B00HMEGJ8E
2250,B00HMDSEC4
2251,B00HMEGIVW
2252,B00HMDSF4Q
2253,B00HMDSFKK
2254,B00HMDSFV4
2255,B00HMDSGOA
2256,B00HMDSHH6
2257,B00HMDSHX0
2258,B00HMDSI98
2259,B00HMDSIDE
2260,B00HMDSIQG
2261,B00HMDSKAK
2262,B00HMDSKQ4
2263,B00HMDSLUY
2264,B00HMDSMEO
2265,B00HMDSMWG
2266,B00HMDSND4
2267,B00HMDSOHE
2268,B00HMDSOYC
2269,B00HMDSPDC
2270,B00HMDSPWS
2271,B00HMDSQ9A
2272,B00HMDSQSG
2273,B00HMDSSD4
2274,B00HMDSSUC
2275,B00HMDSTBA
2276,B00HME1B8M
2277,B00HMECS0W
2278,B00HMEEIZK
2279,B00HKRJFR0
2280,B00HD7O7Z2
2281,B00HE11HSC
2282,B00H539NIU
2283,B00H4WQF10
2284,B00H4WQIYY
2285,B00H4YUID4
2286,B00H4YWXQY
2287,B00H4YWZR6
2288,B00H4YX0D4
2289,B00H4YYKJ2
2290,B00H4Z2XVI
2291,B00H51G1NW
2292,B00H51U0SY
2293,B00H52FL2S
2294,B00H52K85I
2295,B00H52KFA6
2296,B00H539NLW
2297,B00H4WQ7F4
2298,B00H539PCE
2299,B00H539PG0
2300,B00H539QCS
2301,B00H53CTA4
2302,B00H53DQ7O
2303,B00H53J41Q
2304,B00H53ML2K
2305,B00H545CNE
2306,B00H5486QY
2307,B00H54D7H2
2308,B00H54DMDQ
2309,B00H5554AY
2310,B00H555BVQ
2311,B00H4WQERK
2312,B00H4WM71C
2313,B00H7UFNPI
2314,B00H4SKS8A
2315,B00H4PGYVS
2316,B00H4PWWP0
2317,B00H4PXA6A
2318,B00H4RMULO
2319,B00H4RMUSW
2320,B00H4RMW30
2321,B00H4RMX48
2322,B00H4RMXEI
2323,B00H4RMZ7I
2324,B00H4RN36U
2325,B00H4RN3II
2326,B00H4S252C
2327,B00H4S6D6G
2328,B00H4SKSJE
2329,B00H4WKS8G
2330,B00H4SKSPS
2331,B00H4SL49M
2332,B00H4T4NVC
2333,B00H4TYTXO
2334,B00H4UG9LI
2335,B00H4UIZVK
2336,B00H4W84EG
2337,B00H4W86GM
2338,B00H4W86JE
2339,B00H4W88MY
2340,B00H4W88N8
2341,B00H4W88OW
2342,B00H4WCKWI
2343,B00H555BX4
2344,B00H55DFL4
2345,B00H56CT5G
2346,B00H5B8WTI
2347,B00H594BTK
2348,B00H598NL2
2349,B00H59C700
2350,B00H59C91C
2351,B00H59C9FI
2352,B00H59EMD0
2353,B00H59GS3W
2354,B00H59RH7S
2355,B00H59TKKK
2356,B00H5ATSV0
2357,B00H5AZS46
2358,B00H5B0JXA
2359,B00H5B3OBY
2360,B00H5BHFR8
2361,B00H56I05O
2362,B00H5BTEG8
2363,B00H5C1DPC
2364,B00H5C31DE
2365,B00H5CB0FU
2366,B00H5CPIVW
2367,B00H5D0Q1S
2368,B00H5D2DNC
2369,B00H5D6I4M
2370,B00H5D7NEG
2371,B00H5DD8T0
2372,B00H5DF6YK
2373,B00H5DFD8Y
2374,B00H5DZDOI
2375,B00H58ZVLS
2376,B00H58YT0C
2377,B00H58X25K
2378,B00H58T6NW
2379,B00H56YK4E
2380,B00H56YLPW
2381,B00H56YM9W
2382,B00H56YMJ2
2383,B00H56YNZK
2384,B00H56YP58
2385,B00H56YQGQ
2386,B00H56YQTS
2387,B00H56YRBU
2388,B00H56YSHS
2389,B00H56YSVY
2390,B00H56YTAE
2391,B00H56YTPE
2392,B00H56YU94
2393,B00H576UMS
2394,B00H57BSWA
2395,B00H57RE4G
2396,B00H57TVBA
2397,B00H57UA1K
2398,B00H581M52
2399,B00H581PVI
2400,B00H5852QW
2401,B00H58BMXE
2402,B00H58BP72
2403,B00H58L3C4
2404,B00H58M3RS
2405,B00H58T2AY
2406,B00H4PGYTA
2407,B00H4PGYQS
2408,B00H4PFD2Y
2409,B00H4DTN36
2410,B00H49LVNK
2411,B00H49PE1K
2412,B00H4AED1Q
2413,B00H4AUSAG
2414,B00H4AVG2K
2415,B00H4C2BSG
2416,B00H4C9NV4
2417,B00H4CCXHU
2418,B00H4CX7PC
2419,B00H4CYIZK
2420,B00H4D7D5G
2421,B00H4DFUPQ
2422,B00H4DRPNG
2423,B00H4DVLAO
2424,B00H4EY9D4
2425,B00H4DWCDO
2426,B00H4DXMI8
2427,B00H4E6QI0
2428,B00H4E6TPK
2429,B00H4EIRVE
2430,B00H4EN2LY
2431,B00H4EPL86
2432,B00H4ER2TM
2433,B00H4ERBYS
2434,B00H4ERHLU
2435,B00H4EW9V8
2436,B00H4EW9XG
2437,B00H4EWXRS
2438,B00H49A34S
2439,B00H49A186
2440,B00H499OLG
2441,B00H493TQC
2442,B00H48LAIM
2443,B00H48PTNO
2444,B00H48PTRA
2445,B00H48PTRK
2446,B00H48PTU2
2447,B00H48PUSS
2448,B00H48PUWY
2449,B00H48PUX8
2450,B00H48PUXS
2451,B00H48PUZ6
2452,B00H48PVV4
2453,B00H48PVXM
2454,B00H48PW04
2455,B00H48PX94
2456,B00H48PX9E
2457,B00H48PXC6
2458,B00H48PXEE
2459,B00H48PYKM
2460,B00H48VEL0
2461,B00H48XNRI
2462,B00H49164Y
2463,B00H49165I
2464,B00H4916A8
2465,B00H4916XK
2466,B00H4916YY
2467,B00H49171G
2468,B00H491VDA
2469,B00H4EXLXS
2470,B00H4EZPSW
2471,B00H4P4XMU
2472,B00H4MXRFC
2473,B00H4IYR9Q
2474,B00H4JDSHC
2475,B00H4KHPMA
2476,B00H4KQ4KO
2477,B00H4KR84A
2478,B00H4LJ072
2479,B00H4LLSD6
2480,B00H4LRN9O
2481,B00H4LS7F8
2482,B00H4M1YKC
2483,B00H4M6UY2
2484,B00H4M7CFS
2485,B00H4MXRES
2486,B00H4N2F7C
2487,B00H4F74SU
2488,B00H4NJ9DU
2489,B00H4NT0SO
2490,B00H4NV4SI
2491,B00H4NYQ4W
2492,B00H4O25A8
2493,B00H4O2C10
2494,B00H4OHXGY
2495,B00H4OHXJG
2496,B00H4OHXKK
2497,B00H4OKCIA
2498,B00H4OKN48
2499,B00H4OKN84
2500,B00H4P14QS
2501,B00H4IXOMW
2502,B00H4IQL5E
2503,B00H4IQ3P2
2504,B00H4IMOJG
2505,B00H4F8JDY
2506,B00H4FS9YI
2507,B00H4FTPHI
2508,B00H4G3C9E
2509,B00H4G7I6C
2510,B00H4GLZRU
2511,B00H4GN7WG
2512,B00H4GNK64
2513,B00H4GQHBY
2514,B00H4GWD30
2515,B00H4GZO2M
2516,B00H4H0JNU
2517,B00H4H19SE
2518,B00H4H32FW
2519,B00H4H34UK
2520,B00H4H6IBC
2521,B00H4HHP9Q
2522,B00H4HJL0W
2523,B00H4HKXD6
2524,B00H4I2JWS
2525,B00H4I2XWO
2526,B00H4I3ZBC
2527,B00H4IBUEQ
2528,B00H4IBUTG
2529,B00H4ICJ82
2530,B00H4IE50C
2531,B00H4IHBD0
2532,B00H5E345C
2533,B00H5E36DW
2534,B00H5E6TYU
2535,B00H7IL7O6
2536,B00H7GO0LK
2537,B00H7GXVGU
2538,B00H7H9BTK
2539,B00H7HMZ4I
2540,B00H7HTSM0
2541,B00H7I02X8
2542,B00H7IEOL4
2543,B00H7IKH24
2544,B00H7IKLG6
2545,B00H7IKNN2
2546,B00H7IKQ7A
2547,B00H7IKTWC
2548,B00H7IL6RO
2549,B00H7IL9FI
2550,B00H7KAA88
2551,B00H7ILBE2
2552,B00H7ILC28
2553,B00H7ILE4O
2554,B00H7ILEIK
2555,B00H7ILF7U
2556,B00H7ILHQY
2557,B00H7ILLW4
2558,B00H7ILNW2
2559,B00H7ILOXK
2560,B00H7IPZV2
2561,B00H7J03UE
2562,B00H7JHCGM
2563,B00H7K143I
2564,B00H7GFV4U
2565,B00H7G0AZU
2566,B00H7EOJPY
2567,B00H7ELCKO
2568,B00H6UBQKA
2569,B00H6UBRL8
2570,B00H6UHO7O
2571,B00H6VQMOE
2572,B00H6W56NQ
2573,B00H6WNX9U
2574,B00H6XO2V2
2575,B00H6XSWHW
2576,B00H6Y54B8
2577,B00H6YCGH8
2578,B00H6YCGHS
2579,B00H6ZCOKG
2580,B00H6ZDYZU
2581,B00H6ZH7GM
2582,B00H6ZOXS2
2583,B00H6ZOXVE
2584,B00H6ZOXYG
2585,B00H708DXM
2586,B00H70FVUU
2587,B00H70HODM
2588,B00H7118LU
2589,B00H715VSQ
2590,B00H71WB1G
2591,B00H76H2QK
2592,B00H78KAIA
2593,B00H78KFJ4
2594,B00H79VQW8
2595,B00H7KA8QM
2596,B00H7KAINK
2597,B00H6U6LZK
2598,B00H7PA510
2599,B00H7NUWQU
2600,B00H7NWS9O
2601,B00H7NYQY4
2602,B00H7NZ77O
2603,B00H7NZNN2
2604,B00H7O0HHI
2605,B00H7O262M
2606,B00H7O2DM0
2607,B00H7ORKNM
2608,B00H7ORQGS
2609,B00H7P1SFM
2610,B00H7P694M
2611,B00H7P6DC0
2612,B00H7PFFV0
2613,B00H7KAKKG
2614,B00H7PPHTA
2615,B00H7PQY5Q
2616,B00H7Q88L8
2617,B00H7QFJBU
2618,B00H7QIQ6K
2619,B00H7QIQ9C
2620,B00H7QRBPW
2621,B00H7R4O3I
2622,B00H7R6VG6
2623,B00H7R7JKI
2624,B00H7RGKNA
2625,B00H7RGKSK
2626,B00H7TWIB6
2627,B00H7NUWO2
2628,B00H7NRCD6
2629,B00H7NR8IA
2630,B00H7NR4WU
2631,B00H7KAKWO
2632,B00H7KD9ZE
2633,B00H7KDBBG
2634,B00H7KDFBW
2635,B00H7KDFMQ
2636,B00H7KDPSU
2637,B00H7KKF2E
2638,B00H7KLHJE
2639,B00H7KOBI8
2640,B00H7KTI6S
2641,B00H7KW5ZE
2642,B00H7KWP4U
2643,B00H7KYRF0
2644,B00H7L0I9I
2645,B00H7L0T3I
2646,B00H7L8GYM
2647,B00H7LJLG4
2648,B00H7LKCV2
2649,B00H7LKW8U
2650,B00H7LV88S
2651,B00H7MN0YC
2652,B00H7MP85G
2653,B00H7MXRX6
2654,B00H7N8L7W
2655,B00H7N8NKW
2656,B00H7NQWVY
2657,B00H7NR4SY
2658,B00H6U9GEI
2659,B00H6TKUNK
2660,B00H5E72TG
2661,B00H5TC1Q0
2662,B00H5LN3PG
2663,B00H5LP0AM
2664,B00H5LPTQM
2665,B00H5M79DC
2666,B00H5MAUAQ
2667,B00H5MDKHQ
2668,B00H5MF3Y4
2669,B00H5RNJCM
2670,B00H5S1D8I
2671,B00H5SAHSU
2672,B00H5SWQTI
2673,B00H5SYXTY
2674,B00H5T0GV2
2675,B00H5TDFC4
2676,B00H5Y2EN0
2677,B00H5U8QXG
2678,B00H5UER7K
2679,B00H5UTTPK
2680,B00H5VSSBK
2681,B00H5W81P2
2682,B00H5WAMWW
2683,B00H5WMI2O
2684,B00H5X3FU2
2685,B00H5X3IHW
2686,B00H5X3R0A
2687,B00H5X43A8
2688,B00H5X44HU
2689,B00H5X453I
2690,B00H5LIZTA
2691,B00H5LDI42
2692,B00H5L4Y5Y
2693,B00H5JV42W
2694,B00H5EGS1O
2695,B00H5F28HQ
2696,B00H5FE7WA
2697,B00H5FVI22
2698,B00H5FVI9U
2699,B00H5FVIE0
2700,B00H5FVJZ8
2701,B00H5HFEQ6
2702,B00H5HFERA
2703,B00H5HFEUM
2704,B00H5HFFKQ
2705,B00H5HK26I
2706,B00H5HK6VE
2707,B00H5HKPGA
2708,B00H5HKVZ0
2709,B00H5HMQWQ
2710,B00H5HOWG4
2711,B00H5HP8B2
2712,B00H5HS70Q
2713,B00H5HU9E8
2714,B00H5HXZDU
2715,B00H5IHOIG
2716,B00H5IHPD0
2717,B00H5ISI3G
2718,B00H5J0YHI
2719,B00H5JA5Q8
2720,B00H5JV3VE
2721,B00H5XSMTG
2722,B00H5Z4VZ8
2723,B00H6T9HAW
2724,B00H6OTT96
2725,B00H6D77WS
2726,B00H6DGQ1Q
2727,B00H6DI9ZC
2728,B00H6DK60I
2729,B00H6DMGIS
2730,B00H6FCNT8
2731,B00H6GM6DK
2732,B00H6IS8Z8
2733,B00H6M30XO
2734,B00H6NBFN0
2735,B00H6NN8GC
2736,B00H6OG4L2
2737,B00H6ON8HK
2738,B00H6OUG1Q
2739,B00H5Z7E2U
2740,B00H6OV1AG
2741,B00H6OYT1O
2742,B00H6P0AHK
2743,B00H6P6PME
2744,B00H6PGGB4
2745,B00H6PT19I
2746,B00H6QB9YW
2747,B00H6QSY5Y
2748,B00H6S0ENW
2749,B00H6T0N1E
2750,B00H6T2CC2
2751,B00H6T84ZG
2752,B00H6T8YOM
2753,B00H6D41Z4
2754,B00H6CL46Y
2755,B00H6CCO5O
2756,B00H6C7NFU
2757,B00H604Z1C
2758,B00H60ZDI6
2759,B00H627044
2760,B00H64U77Y
2761,B00H65R9ZQ
2762,B00H66LHIK
2763,B00H67G216
2764,B00H681X7I
2765,B00H686SUA
2766,B00H68DJVQ
2767,B00H68WO2Q
2768,B00H68XA5G
2769,B00H695CO2
2770,B00H69AP8K
2771,B00H69KF0S
2772,B00H6AJQWU
2773,B00H6ARFUU
2774,B00H6AYK3A
2775,B00H6B0EAM
2776,B00H6B1PVE
2777,B00H6B1YXS
2778,B00H6BJNDQ
2779,B00H6BMS7E
2780,B00H6BOM0K
2781,B00H6BTIMC
2782,B00H6BUNMQ
2783,B00H6BVQKE
2784,B00H4826B2
2785,B00H45TPQ4
2786,B00H45QS4G
2787,B00H1H9EB6
2788,B00H1CPMXA
2789,B00H1DEYWY
2790,B00H1DGMQU
2791,B00H1E51KM
2792,B00H1E51WK
2793,B00H1ETYUK
2794,B00H1F8ZI6
2795,B00H1FDD1K
2796,B00H1FGCPE
2797,B00H1FK750
2798,B00H1FLWWM
2799,B00H1GL2BM
2800,B00H1H3HX2
2801,B00H1H9ECA
2802,B00H1NPFJU
2803,B00H1HEITY
2804,B00H1HFU64
2805,B00H1HVMGQ
2806,B00H1HZ8SY
2807,B00H1JHW68
2808,B00H1JLYDA
2809,B00H1KNSUG
2810,B00H1KNT1O
2811,B00H1KTPHQ
2812,B00H1L82XI
2813,B00H1LGYCE
2814,B00H1M8KD4
2815,B00H1M8KDY
2816,B00H1CAF9Q
2817,B00H1BLTII
2818,B00H1BHDTC
2819,B00H1A4RHE
2820,B00H0LWOXI
2821,B00H0MFUGK
2822,B00H0ML4KG
2823,B00H0MOG1K
2824,B00H0N0R6M
2825,B00H0NS37C
2826,B00H0OWDJA
2827,B00H0P40SG
2828,B00H0PF8WI
2829,B00H0PQURU
2830,B00H0S99Z2
2831,B00H0U6L6U
2832,B00H0UZAV2
2833,B00H0YAF4A
2834,B00H12YXJO
2835,B00H14ECL6
2836,B00H14UFPS
2837,B00H14V82C
2838,B00H15LUE2
2839,B00H15X2D4
2840,B00H161C94
2841,B00H168N2I
2842,B00H16COW8
2843,B00H17CO6S
2844,B00H17J5FQ
2845,B00H17OHCM
2846,B00H1A0GJ2
2847,B00H1M9SNA
2848,B00H1NRZG6
2849,B00H0LEYQS
2850,B00H22LB6G
2851,B00H1Z7PXM
2852,B00H1ZBL8W
2853,B00H1ZOQ1Q
2854,B00H1ZU0AC
2855,B00H1ZVUB0
2856,B00H202H70
2857,B00H202SGU
2858,B00H2095BG
2859,B00H20MW6Q
2860,B00H20STKO
2861,B00H21T2XG
2862,B00H222FQ6
2863,B00H22IRA4
2864,B00H239GA8
2865,B00H1O3L86
2866,B00H245MAA
2867,B00H24Z7Y6
2868,B00H256RD0
2869,B00H25VGNQ
2870,B00H26C6C0
2871,B00H271HV0
2872,B00H273PME
2873,B00H27DBZA
2874,B00H27GZV2
2875,B00H27L666
2876,B00H27VUGM
2877,B00H286FZC
2878,B00H28B6CY
2879,B00H1Z3O8M
2880,B00H1YW1RI
2881,B00H1YVF8E
2882,B00H1Y54Q8
2883,B00H1OCI58
2884,B00H1OHZZG
2885,B00H1OZUAI
2886,B00H1PX8XS
2887,B00H1Q0NXK
2888,B00H1Q35MG
2889,B00H1Q35OO
2890,B00H1Q37II
2891,B00H1Q3SK0
2892,B00H1Q3WK6
2893,B00H1Q3WKQ
2894,B00H1Q41V0
2895,B00H1RG66W
2896,B00H1RUFI2
2897,B00H1TUCT2
2898,B00H1TWRAY
2899,B00H1U6FOM
2900,B00H1U7UM8
2901,B00H1U9SAK
2902,B00H1UXIAG
2903,B00H1UXIEC
2904,B00H1W75OE
2905,B00H1WF2DA
2906,B00H1XBAF8
2907,B00H1XGE0O
2908,B00H1XIAS8
2909,B00H1XL7PG
2910,B00H0LTRC4
2911,B00H0LEQG6
2912,B00H28JI06
2913,B00H07YKEI
2914,B00H05IXOI
2915,B00H063TTG
2916,B00H06I70W
2917,B00H06LPO2
2918,B00H06Q240
2919,B00H06Q4GQ
2920,B00H06TV84
2921,B00H076SLG
2922,B00H077Z6I
2923,B00H079C0A
2924,B00H07ML4E
2925,B00H07MLT4
2926,B00H07MN3S
2927,B00H08FO0Q
2928,B00H0DEGRI
2929,B00H08SSWC
2930,B00H09H1LA
2931,B00H0ALL0G
2932,B00H0APFI0
2933,B00H0BA5KC
2934,B00H0BXQPI
2935,B00H0C1IZC
2936,B00H0CHX38
2937,B00H0CJM9Q
2938,B00H0CLEF6
2939,B00H0CMTBY
2940,B00H0CNYVS
2941,B00H0CWCP2
2942,B00H05CFRE
2943,B00H051W5K
2944,B00H04YKVE
2945,B00H03CY18
2946,B00GZY4WFE
2947,B00GZY5ROE
2948,B00GZYX0Q6
2949,B00GZZBKQ2
2950,B00GZZHYJY
2951,B00GZZI0BK
2952,B00GZZXATC
2953,B00GZZXPMY
2954,B00H000JNG
2955,B00H000JSQ
2956,B00H000JX6
2957,B00H001I1I
2958,B00H007GZA
2959,B00H00D6JA
2960,B00H00HCN6
2961,B00H00HUKQ
2962,B00H00KI6E
2963,B00H00PAEO
2964,B00H00WW1S
2965,B00H00XBJ0
2966,B00H00XCBM
2967,B00H00XD6G
2968,B00H01CSFW
2969,B00H01IVO4
2970,B00H023CGA
2971,B00H02GD1G
2972,B00H02QVXG
2973,B00H0CWCRA
2974,B00H0DHBAW
2975,B00H0LEMRY
2976,B00H0K3410
2977,B00H0JA5BS
2978,B00H0JNXXU
2979,B00H0JQDBE
2980,B00H0JQIGE
2981,B00H0JTMTE
2982,B00H0JTOAQ
2983,B00H0JTRY4
2984,B00H0JUB62
2985,B00H0JV83M
2986,B00H0JWG2O
2987,B00H0JWQK6
2988,B00H0JYMIA
2989,B00H0K1GBA
2990,B00H0K5G8E
2991,B00H0E27QY
2992,B00H0K8S84
2993,B00H0KATPO
2994,B00H0KCVZU
2995,B00H0KD7SU
2996,B00H0KEHMU
2997,B00H0KZTSQ
2998,B00H0L23G6
2999,B00H0L4GZ2
3000,B00H0LBCOU
3001,B00H0LEAMQ
3002,B00H0LEBB6
3003,B00H0LEFJO
3004,B00H0LELNE
3005,B00H0J8XW6
3006,B00H0J2TH6
3007,B00H0IXP3O
3008,B00H0ILXOM
3009,B00H0FYIWY
3010,B00H0GXMWK
3011,B00H0HFXQ2
3012,B00H0HGIGG
3013,B00H0HHIWE
3014,B00H0HILPM
3015,B00H0HJFPC
3016,B00H0HKS26
3017,B00H0HLIUM
3018,B00H0HM6LM
3019,B00H0HMQ6W
3020,B00H0HPTCA
3021,B00H0HU646
3022,B00H0IAPZU
3023,B00H0ICO22
3024,B00H0IEN3A
3025,B00H0IG3XI
3026,B00H0IGEJQ
3027,B00H0IHD5U
3028,B00H0IHM1A
3029,B00H0IHQHA
3030,B00H0II44Y
3031,B00H0IINPO
3032,B00H0IIQGA
3033,B00H0IIUE8
3034,B00H0IJI4Y
3035,B00H0ILI4M
3036,B00H28DY10
3037,B00H28JN6A
3038,B00H45QRZG
3039,B00H3QHR5K
3040,B00H3NEKIA
3041,B00H3NVX08
3042,B00H3O6E60
3043,B00H3O6JFQ
3044,B00H3O937C
3045,B00H3OAECA
3046,B00H3OQ2OO
3047,B00H3OUDH6
3048,B00H3P53QQ
3049,B00H3PJVF0
3050,B00H3Q6N3M
3051,B00H3QBAGM
3052,B00H3QBXSC
3053,B00H3QPMDE
3054,B00H3T15Q4
3055,B00H3QPULS
3056,B00H3R1BPG
3057,B00H3R3Z64
3058,B00H3R7NJE
3059,B00H3RA30K
3060,B00H3RD4XS
3061,B00H3RD5EQ
3062,B00H3RDODS
3063,B00H3RFSRS
3064,B00H3RMM1I
3065,B00H3RSTHE
3066,B00H3SRDMA
3067,B00H3SU2GE
3068,B00H3MTO8M
3069,B00H3MD6QS
3070,B00H3LVAQ2
3071,B00H3LRZCK
3072,B00H3JID0U
3073,B00H3JO3Y0
3074,B00H3JWE3C
3075,B00H3JWFEA
3076,B00H3JWFFE
3077,B00H3JWFFY
3078,B00H3JWFGS
3079,B00H3JWFHC
3080,B00H3JWFHM
3081,B00H3JWFI6
3082,B00H3JWFJK
3083,B00H3JWFL8
3084,B00H3JZFJW
3085,B00H3K0GHC
3086,B00H3K0GT0
3087,B00H3K4PI8
3088,B00H3K4QX2
3089,B00H3K94IO
3090,B00H3KAJGK
3091,B00H3KDGU6
3092,B00H3KHCR4
3093,B00H3KIF7U
3094,B00H3KSLU6
3095,B00H3L15KI
3096,B00H3L4EW4
3097,B00H3LAR16
3098,B00H3LR08E
3099,B00H3SWSH0
3100,B00H3T4O94
3101,B00H3JB8B6
3102,B00H3ZZWFI
3103,B00H3W9GBC
3104,B00H3W9T1Y
3105,B00H3W9V8U
3106,B00H3WV4I0
3107,B00H3Y6YOW
3108,B00H3Z3H8W
3109,B00H3Z9J48
3110,B00H3ZCRPQ
3111,B00H3ZCT3Q
3112,B00H3ZM77O
3113,B00H3ZM8GE
3114,B00H3ZSBGU
3115,B00H3ZVDFG
3116,B00H410YAE
3117,B00H3T53XK
3118,B00H413F8M
3119,B00H4194QE
3120,B00H43O8K4
3121,B00H43THKA
3122,B00H43ZS8K
3123,B00H444RIG
3124,B00H44N38Q
3125,B00H450I5G
3126,B00H45OHDK
3127,B00H45OIHK
3128,B00H45OYJM
3129,B00H45OYK6
3130,B00H45OYKQ
3131,B00H3W8GEU
3132,B00H3W21AU
3133,B00H3W0TC2
3134,B00H3VQY1I
3135,B00H3TE8YK
3136,B00H3TPXI0
3137,B00H3TPXXA
3138,B00H3TPYAM
3139,B00H3TPZDI
3140,B00H3TPZSS
3141,B00H3TQ050
3142,B00H3TQ0QY
3143,B00H3TQ1G8
3144,B00H3TQ294
3145,B00H3TQ2T4
3146,B00H3TQ5UU
3147,B00H3TQROE
3148,B00H3UQSEC
3149,B00H3UZLB8
3150,B00H3V6X78
3151,B00H3V76M4
3152,B00H3V8MJK
3153,B00H3V8MJU
3154,B00H3V8O6Q
3155,B00H3V8OGQ
3156,B00H3V8OIO
3157,B00H3V8V3M
3158,B00H3VL3TQ
3159,B00H3VN4FC
3160,B00H3VN9ZM
3161,B00H3VNO98
3162,B00H3JFOP2
3163,B00H3J6V40
3164,B00H29463Y
3165,B00H2RLOL8
3166,B00H2NKO72
3167,B00H2O2L6S
3168,B00H2OEA8K
3169,B00H2POLLA
3170,B00H2Q1J64
3171,B00H2Q1LUS
3172,B00H2QGDAQ
3173,B00H2QR260
3174,B00H2QX94E
3175,B00H2RAYPA
3176,B00H2RCJZI
3177,B00H2RHIAO
3178,B00H2RJQDG
3179,B00H2RNDQ2
3180,B00H2V9GAA
3181,B00H2RVQ16
3182,B00H2S05EE
3183,B00H2SCBKK
3184,B00H2SF7CY
3185,B00H2SHGTQ
3186,B00H2SKVIO
3187,B00H2SXCR6
3188,B00H2SXR1M
3189,B00H2TOK3U
3190,B00H2TOUBM
3191,B00H2U5TES
3192,B00H2U6XAW
3193,B00H2UAY9S
3194,B00H2N1RAK
3195,B00H2MS0NS
3196,B00H2MO14U
3197,B00H2KTQOC
3198,B00H29ADMM
3199,B00H29IUE0
3200,B00H29VLHI
3201,B00H29XP2C
3202,B00H2A4X68
3203,B00H2A8B70
3204,B00H2AB8L6
3205,B00H2AGA5A
3206,B00H2BOM9U
3207,B00H2BTRBI
3208,B00H2BTRCC
3209,B00H2BV5W2
3210,B00H2BZHF8
3211,B00H2C1IJ6
3212,B00H2C1IKK
3213,B00H2C1IM8
3214,B00H2CCZPM
3215,B00H2CR2J6
3216,B00H2CR96W
3217,B00H2DLXO0
3218,B00H2DYPLI
3219,B00H2EAOA8
3220,B00H2EH9IS
3221,B00H2FC4EG
3222,B00H2G458S
3223,B00H2H6MKG
3224,B00H2KOALG
3225,B00H2ULJXI
3226,B00H2VEGHI
3227,B00H3ILK92
3228,B00H39NBTI
3229,B00H33D0CC
3230,B00H33DT1O
3231,B00H33RJ7O
3232,B00H33XEA0
3233,B00H34FVFK
3234,B00H34HSCO
3235,B00H34JLGA
3236,B00H354QAA
3237,B00H35V5IG
3238,B00H36V0BW
3239,B00H37CC2C
3240,B00H391ZGE
3241,B00H396LXG
3242,B00H39W66W
3243,B00H2VK0R8
3244,B00H39WSME
3245,B00H3AFZ5A
3246,B00H3BPWC0
3247,B00H3CCQCS
3248,B00H3D6V6Y
3249,B00H3D9VCU
3250,B00H3ECBQC
3251,B00H3F0VJU
3252,B00H3FIWZK
3253,B00H3FJKMY
3254,B00H3FN9LW
3255,B00H3G8WLS
3256,B00H3HTGUI
3257,B00H3288JI
3258,B00H323LXG
3259,B00H31NRJA
3260,B00H31NPEC
3261,B00H2VPH30
3262,B00H2VSCK0
3263,B00H2VTGM8
3264,B00H2W3W0E
3265,B00H2W4IGQ
3266,B00H2W658K
3267,B00H2X87OO
3268,B00H2XKX7I
3269,B00H2XRZVA
3270,B00H2XS0VO
3271,B00H2YAJVW
3272,B00H2YG52Y
3273,B00H2YHFBY
3274,B00H2YLU74
3275,B00H2Z71CQ
3276,B00H2ZB6EA
3277,B00H2ZBD1Q
3278,B00H2ZBGMC
3279,B00H2ZCDXS
3280,B00H2ZQ7JO
3281,B00H307OQ8
3282,B00H30FL9K
3283,B00H317F6G
3284,B00H3183US
3285,B00H31A2YS
3286,B00H31ADCE
3287,B00H31GBZW
3288,B00H7TZOJO
3289,B00H7UXM9C
3290,B00HE0HK16
3291,B00HCYZ1LK
3292,B00HCRSWPO
3293,B00HCRW7IW
3294,B00HCS5L0W
3295,B00HCT7LKE
3296,B00HCT9F5S
3297,B00HCTDBXK
3298,B00HCTJQCA
3299,B00HCTKAES
3300,B00HCTVIAS
3301,B00HCTVJCU
3302,B00HCTXCRK
3303,B00HCV6T6E
3304,B00HCWU6FS
3305,B00HCZMLTO
3306,B00HCRI6O6
3307,B00HCZUVDC
3308,B00HD0ISCW
3309,B00HD0J2WM
3310,B00HD1YK5A
3311,B00HD25WWE
3312,B00HD2623C
3313,B00HD26BYM
3314,B00HD26CX2
3315,B00HD26G60
3316,B00HD26GDI
3317,B00HD26W32
3318,B00HD27B46
3319,B00HD27F92
3320,B00HCRO5K0
3321,B00HCRFQ80
3322,B00H7VBDOC
3323,B00HCOG40W
3324,B00HCHV1UM
3325,B00HCHVBJS
3326,B00HCI4CMK
3327,B00HCI4V8U
3328,B00HCJOGOS
3329,B00HCJYVQG
3330,B00HCJZLRO
3331,B00HCLKYJM
3332,B00HCMCV7E
3333,B00HCMJJM4
3334,B00HCMV1SO
3335,B00HCNIPLE
3336,B00HCOBOES
3337,B00HCOLUV0
3338,B00HCR3OPW
3339,B00HCP0VTQ
3340,B00HCP29GO
3341,B00HCP4ZHU
3342,B00HCP93C2
3343,B00HCPBBU4
3344,B00HCPDAVW
3345,B00HCPLLB8
3346,B00HCPO4JO
3347,B00HCPOI4K
3348,B00HCPOKUM
3349,B00HCQ9TS4
3350,B00HCQ9WIQ
3351,B00HCQJOUC
3352,B00HD27K2Y
3353,B00HD27KDS
3354,B00HD27OFM
3355,B00HD2IBEK
3356,B00HD2GLQU
3357,B00HD2GLWE
3358,B00HD2GQ6K
3359,B00HD2GVW4
3360,B00HD2GVWO
3361,B00HD2GW46
3362,B00HD2GW6O
3363,B00HD2H1GO
3364,B00HD2H1R8
3365,B00HD2H8B2
3366,B00HD2HVDC
3367,B00HD2I5P0
3368,B00HD2IB5Y
3369,B00HD2ILGS
3370,B00HD27OH0
3371,B00HD2IM4E
3372,B00HD2IWVM
3373,B00HD2J8EM
3374,B00HD2J8LK
3375,B00HD2JLDA
3376,B00HD2JQXK
3377,B00HD2JRDE
3378,B00HD2JRLG
3379,B00HD2JX1U
3380,B00HD2JXZQ
3381,B00HD2JYCS
3382,B00HD2K3FK
3383,B00HD2K42W
3384,B00HD2GG4W
3385,B00HD2GA70
3386,B00HD2G5B6
3387,B00HD2FSTG
3388,B00HD28GUE
3389,B00HD28H0I
3390,B00HD28TG0
3391,B00HD29ORS
3392,B00HD29YFA
3393,B00HD2AGKW
3394,B00HD2AGL6
3395,B00HD2AH92
3396,B00HD2AV70
3397,B00HD2B0IE
3398,B00HD2B8T0
3399,B00HD2BU48
3400,B00HD2BUW0
3401,B00HD2C86M
3402,B00HD2C8FI
3403,B00HD2CCNQ
3404,B00HD2CH7M
3405,B00HD2D7YE
3406,B00HD2D82U
3407,B00HD2DP1Y
3408,B00HD2EAF4
3409,B00HD2EGDK
3410,B00HD2EL3U
3411,B00HD2EQPS
3412,B00HD2FCC4
3413,B00HD2FIN2
3414,B00HD2FNVO
3415,B00HCHRGNI
3416,B00HCHQAVW
3417,B00HCHKDH4
3418,B00HBGNFPI
3419,B00HB99DME
3420,B00HB9KYM2
3421,B00HBA340K
3422,B00HBB85NK
3423,B00HBCGP4A
3424,B00HBEFY36
3425,B00HBF60D8
3426,B00HBF82PC
3427,B00HBFMOFQ
3428,B00HBFSMUC
3429,B00HBGDFLC
3430,B00HBGE18S
3431,B00HBGKAO2
3432,B00HBGWPKO
3433,B00HBNM5RK
3434,B00HBHJZY2
3435,B00HBHLXJW
3436,B00HBI9XZ2
3437,B00HBIA900
3438,B00HBIFZOU
3439,B00HBJ340Q
3440,B00HBKHA78
3441,B00HBKJ440
3442,B00HBKNZJU
3443,B00HBKS194
3444,B00HBKTJ0E
3445,B00HBKY95O
3446,B00HBLXWLK
3447,B00HB93MWQ
3448,B00HB8Y79E
3449,B00HB8VVHU
3450,B00HB8S5VK
3451,B00HAZN1AO
3452,B00HAZOJL4
3453,B00HAZR5GA
3454,B00HB03E5K
3455,B00HB03E9Q
3456,B00HB03G0I
3457,B00HB03IM4
3458,B00HB156VO
3459,B00HB1LWDU
3460,B00HB1PNZS
3461,B00HB3C1GA
3462,B00HB3DEYI
3463,B00HB3DVIM
3464,B00HB3DW54
3465,B00HB3M5CU
3466,B00HB5FXI6
3467,B00HB5P3TU
3468,B00HB5QOOS
3469,B00HB5UI0O
3470,B00HB63KIU
3471,B00HB6N7A6
3472,B00HB6QTUQ
3473,B00HB78WC8
3474,B00HB7GRTS
3475,B00HB7HUPI
3476,B00HB7L6A8
3477,B00HB8RUG6
3478,B00HBMEK10
3479,B00HBPZA34
3480,B00HCHH2TG
3481,B00HC8H4EI
3482,B00HC2072A
3483,B00HC21BZ2
3484,B00HC224L2
3485,B00HC231WI
3486,B00HC23XVC
3487,B00HC24PCS
3488,B00HC25DBA
3489,B00HC32HUE
3490,B00HC3ZHEC
3491,B00HC530O4
3492,B00HC57XBU
3493,B00HC5XGC0
3494,B00HC8D80W
3495,B00HC9YNZU
3496,B00HBRQCXE
3497,B00HCA40HA
3498,B00HCAIHRY
3499,B00HCB6A2M
3500,B00HCB6A36
3501,B00HCB6A3G
3502,B00HCB6A5E
3503,B00HCB6AS6
3504,B00HCBEYDO
3505,B00HCBKNFW
3506,B00HCG94UW
3507,B00HCGFCIA
3508,B00HCGFO8S
3509,B00HCGHYY0
3510,B00HC1YTHK
3511,B00HC1XK5W
3512,B00HC1WL2A
3513,B00HC1VGJ4
3514,B00HBRUB7W
3515,B00HBSKQC6
3516,B00HBSXIJO
3517,B00HBSXUZ6
3518,B00HBSY6MC
3519,B00HBTVRYG
3520,B00HBU4J8Q
3521,B00HBU7NX4
3522,B00HBVI7RE
3523,B00HBW8YEE
3524,B00HBW99D4
3525,B00HBWM13E
3526,B00HBX617K
3527,B00HBX83PS
3528,B00HBXR93K
3529,B00HBXTW1M
3530,B00HBXZAF4
3531,B00HBYFF4O
3532,B00HBYKST6
3533,B00HBYNOPQ
3534,B00HC03YXG
3535,B00HC1ERY0
3536,B00HC1O2TU
3537,B00HC1PS7K
3538,B00HC1R2Y2
3539,B00HC1SMSW
3540,B00HC1U9X8
3541,B00HD2K46I
3542,B00HD2KA3A
3543,B00HD2KAMG
3544,B00HDOULUA
3545,B00HDK1AJK
3546,B00HDK1EJG
3547,B00HDK1I7Y
3548,B00HDK1NEC
3549,B00HDK1NEM
3550,B00HDKC02Q
3551,B00HDKHGNE
3552,B00HDLGVIO
3553,B00HDM2G4G
3554,B00HDNPVYM
3555,B00HDO20M2
3556,B00HDO3BA2
3557,B00HDORN4M
3558,B00HDOWU0O
3559,B00HDPMHWO
3560,B00HDOZVBY
3561,B00HDOZVMI
3562,B00HDP64KA
3563,B00HDP8CXC
3564,B00HDPCJG8
3565,B00HDPE1DM
3566,B00HDPLPN6
3567,B00HDPMAXK
3568,B00HDPMBXE
3569,B00HDPMCTC
3570,B00HDPMG3Y
3571,B00HDPMGFM
3572,B00HDPMGZM
3573,B00HDK1AFO
3574,B00HDGO59G
3575,B00HDGJY8S
3576,B00HDG4BDQ
3577,B00HD4IGWU
3578,B00HD4IL52
3579,B00HD4ILWK
3580,B00HD4IMTW
3581,B00HD4IWIS
3582,B00HD4IWJ2
3583,B00HD4IWJM
3584,B00HD4IWJW
3585,B00HD4IWOC
3586,B00HD4IZ6C
3587,B00HD4IZF8
3588,B00HD4IZJY
3589,B00HD4L6AO
3590,B00HD4PXMG
3591,B00HD51BVC
3592,B00HD619HM
3593,B00HD6GA4E
3594,B00HR13FT8
3595,B00HDDMG04
3596,B00HDE4CN2
3597,B00HDE67GW
3598,B00HDESBJI
3599,B00HDF7904
3600,B00HDF9786
3601,B00HDF9XEE
3602,B00HDFLR9S
3603,B00HDFT1AK
3604,B00HDPMHF6
3605,B00HDPWMRY
3606,B00HD3TIGY
3607,B00HDX5CZA
3608,B00HDSO4RC
3609,B00HDSO9MC
3610,B00HDSODPK
3611,B00HDSOIR8
3612,B00HDTMV4E
3613,B00HDTU5MY
3614,B00HDTUC4K
3615,B00HDW9UJ0
3616,B00HDW9WH0
3617,B00HDWBEXK
3618,B00HDWJZPE
3619,B00HDWWNZS
3620,B00HDX1K0Q
3621,B00HDXEERC
3622,B00HDPYTKC
3623,B00HDXFUX4
3624,B00HDY1SFW
3625,B00HDYRUL8
3626,B00HDYWJ14
3627,B00HDZ2FXK
3628,B00HDZFO9M
3629,B00HDZNHG4
3630,B00HDZQD7Y
3631,B00HDZUX0W
3632,B00HE08QGO
3633,B00HE0A860
3634,B00HE0CCEQ
3635,B00HE0D8QC
3636,B00HDSNURW
3637,B00HDSNIC4
3638,B00HDSN12G
3639,B00HDSMUAU
3640,B00HDPYTU2
3641,B00HDPYUEC
3642,B00HDPYURO
3643,B00HDPZ3H0
3644,B00HDQ0H48
3645,B00HDQ0Q44
3646,B00HDQ12RE
3647,B00HDQ1XVY
3648,B00HDQB0E4
3649,B00HDQL0SU
3650,B00HDS0PHA
3651,B00HDSIX3I
3652,B00HDSJ9EU
3653,B00HDSJFL2
3654,B00HDSJQCK
3655,B00HDSJW92
3656,B00HDSK1KQ
3657,B00HDSK81I
3658,B00HDSKC8W
3659,B00HDSKI1I
3660,B00HDSKNJK
3661,B00HDSKZY8
3662,B00HDSL74A
3663,B00HDSLEL6
3664,B00HDSLHKO
3665,B00HDSM5F0
3666,B00HDSMJM4
3667,B00HD3TIJG
3668,B00HD3TIBO
3669,B00HD2KAR6
3670,B00HD2SP9Q
3671,B00HD2QB2O
3672,B00HD2QN4U
3673,B00HD2QUE8
3674,B00HD2R114
3675,B00HD2R7AE
3676,B00HD2R7VI
3677,B00HD2RJMU
3678,B00HD2RJTS
3679,B00HD2RRKE
3680,B00HD2S3N4
3681,B00HD2S4ME
3682,B00HD2SIZM
3683,B00HD2SJDS
3684,B00HD2SPBE
3685,B00HD2U1IO
3686,B00HD2SPLO
3687,B00HD2SVS6
3688,B00HD2T7MU
3689,B00HD2TDII
3690,B00HD2TDQA
3691,B00HD2TJKK
3692,B00HD2TJPK
3693,B00HD2TP1I
3694,B00HD2TPQ8
3695,B00HD2TV2G
3696,B00HD2TV6C
3697,B00HD2TV8A
3698,B00HD2TVEY
3699,B00HD2PF6M
3700,B00HD2PDSW
3701,B00HD2O4HI
3702,B00HD2O4AA
3703,B00HD2KGT8
3704,B00HD2KN0K
3705,B00HD2KST6
3706,B00HD2KTB8
3707,B00HD2KZEE
3708,B00HD2KZKI
3709,B00HD2L5I4
3710,B00HD2L5S4
3711,B00HD2L5T8
3712,B00HD2L5UM
3713,B00HD2LAWK
3714,B00HD2LHNW
3715,B00HD2LMZU
3716,B00HD2LNEA
3717,B00HD2LZMK
3718,B00HD2M5QA
3719,B00HD2MCIQ
3720,B00HD2MCMW
3721,B00HD2MD8U
3722,B00HD2MIV2
3723,B00HD2MJE8
3724,B00HD2MJHU
3725,B00HD2MP2Y
3726,B00HD2NXVQ
3727,B00HD2NXYS
3728,B00HD2NY0G
3729,B00HD2NYLU
3730,B00HD2TVRG
3731,B00HD2U1OI
3732,B00HD3TI3W
3733,B00HD32B4K
3734,B00HD2ZZ8K
3735,B00HD2ZZDU
3736,B00HD303ZO
3737,B00HD304BM
3738,B00HD304JE
3739,B00HD30AIO
3740,B00HD30GHO
3741,B00HD31DVC
3742,B00HD31X7G
3743,B00HD320OQ
3744,B00HD325PK
3745,B00HD32AU0
3746,B00HD32AXW
3747,B00HD32QZY
3748,B00HD2U1SO
3749,B00HD32S48
3750,B00HD34KGW
3751,B00HD34VCK
3752,B00HD3SY0U
3753,B00HD3SY64
3754,B00HD3T19S
3755,B00HD3T1QQ
3756,B00HD3T1RU
3757,B00HD3T20Q
3758,B00HD3TCE2
3759,B00HD3TCJM
3760,B00HD3TFCQ
3761,B00HD3TFEE
3762,B00HD2ZM24
3763,B00HD2ZGAW
3764,B00HD2ZG5W
3765,B00HD2ZFW6
3766,B00HD2U77O
3767,B00HD2UCVU
3768,B00HD2UROM
3769,B00HD2URVU
3770,B00HD2URWY
3771,B00HD2UY0Y
3772,B00HD2UY3Q
3773,B00HD2V3FY
3774,B00HD2V3JK
3775,B00HD2VA3O
3776,B00HD2VAUW
3777,B00HD2VB42
3778,B00HD2VGTW
3779,B00HD2VGYC
3780,B00HD2VMM8
3781,B00HD2WREU
3782,B00HD2WZNS
3783,B00HD2WZSS
3784,B00HD2XB5Y
3785,B00HD2XEQK
3786,B00HD2XRL2
3787,B00HD2YIB0
3788,B00HD2YO5A
3789,B00HD2YP7W
3790,B00HD2YULS
3791,B00HD2YV8A
3792,B00HD2Z6K2
3793,B00HAZH5DS
3794,B00HAYY6AE
3795,B00HAYY0U0
3796,B00H927LHW
3797,B00H8Z1QYO
3798,B00H8Z20L2
3799,B00H8Z2DRS
3800,B00H8Z4LX2
3801,B00H8Z8F2U
3802,B00H8ZA0LO
3803,B00H8ZBR2K
3804,B00H8ZTG64
3805,B00H8ZTUU6
3806,B00H8ZUALE
3807,B00H904RL2
3808,B00H90IQO6
3809,B00H91UFTE
3810,B00H92A3ZO
3811,B00H962E1Q
3812,B00H92FMBE
3813,B00H92FZ3Y
3814,B00H92P2CS
3815,B00H92V240
3816,B00H9385I0
3817,B00H93LK4G
3818,B00H93SN6Y
3819,B00H93ZEHK
3820,B00H94HVUW
3821,B00H94J97U
3822,B00H94YB6Y
3823,B00H954F2I
3824,B00H9574U8
3825,B00H8YYUUM
3826,B00H8YWZ40
3827,B00H8YWIK6
3828,B00H8YUOLQ
3829,B00H8SU9TO
3830,B00H8T2O28
3831,B00H8T58TE
3832,B00H8T725M
3833,B00H8TCULS
3834,B00H8TCUYK
3835,B00H8TCV44
3836,B00H8TDDUK
3837,B00H8UFCN0
3838,B00H8VRMJG
3839,B00H8VV3LE
3840,B00H8XFJEE
3841,B00H8XH3DO
3842,B00H8XON4Q
3843,B00H8XPXUO
3844,B00H8XSBLM
3845,B00H8XVFMY
3846,B00H8Y225M
3847,B00H8Y2XB0
3848,B00H8Y8PIU
3849,B00H8YEEN0
3850,B00H8YHKCM
3851,B00H8YHKV8
3852,B00H8YKDNU
3853,B00H8YPL64
3854,B00H8YQN48
3855,B00H8YUDJE
3856,B00H961ZOI
3857,B00H96NWXA
3858,B00H8SGJYI
3859,B00H9KXLG4
3860,B00H9ICE7S
3861,B00H9IG9I8
3862,B00H9II6NY
3863,B00H9ISC42
3864,B00H9IV9LK
3865,B00H9JDNJK
3866,B00H9JESQW
3867,B00H9JFNXO
3868,B00H9JQL80
3869,B00H9JQUEK
3870,B00H9K71NI
3871,B00H9KCZGQ
3872,B00H9KTIVQ
3873,B00H9LEUZO
3874,B00H96RISU
3875,B00H9LIWEO
3876,B00H9LZMH4
3877,B00H9M2CEE
3878,B00H9MI6NU
3879,B00H9MK3V8
3880,B00H9MKA0W
3881,B00H9MQJXY
3882,B00H9N264O
3883,B00H9O9UW4
3884,B00H9OI57A
3885,B00H9PXV46
3886,B00H9PY7NA
3887,B00H9PYE74
3888,B00H9ICE64
3889,B00H9I653M
3890,B00H9I0L2S
3891,B00H9HITGE
3892,B00H96UHBU
3893,B00H9703JU
3894,B00H977APK
3895,B00H977BP4
3896,B00H977COY
3897,B00H979FXA
3898,B00H983ABW
3899,B00H988SWI
3900,B00H989MV4
3901,B00H98F4ZW
3902,B00H9BMS4O
3903,B00H9CUKMU
3904,B00H9DI8YG
3905,B00H9DXZLM
3906,B00H9EEMG8
3907,B00H9EJ3SU
3908,B00H9F3X8K
3909,B00H9FSS58
3910,B00H9FZ8QK
3911,B00H9G1GPQ
3912,B00H9G1KJ8
3913,B00H9G1LR4
3914,B00H9GYN2O
3915,B00H9H38Q0
3916,B00H9HF95I
3917,B00H9HF980
3918,B00H9HIRYS
3919,B00H8SU91C
3920,B00H8SCRD0
3921,B00H9PYHP8
3922,B00H8BBRJ2
3923,B00H89YHEQ
3924,B00H89YJ7Q
3925,B00H8A4ZVA
3926,B00H8ADAE8
3927,B00H8ADL7O
3928,B00H8AHAVC
3929,B00H8AKG4A
3930,B00H8AZAYQ
3931,B00H8B0F2C
3932,B00H8B37UO
3933,B00H8B3CU4
3934,B00H8B3I76
3935,B00H8B3IOO
3936,B00H8BCLXI
3937,B00H8G7XF4
3938,B00H8BMVBA
3939,B00H8BUZGS
3940,B00H8BWS0E
3941,B00H8BY07I
3942,B00H8BYRNA
3943,B00H8CZRDS
3944,B00H8D8A36
3945,B00H8DFU1Q
3946,B00H8DI4T6
3947,B00H8E5F2Y
3948,B00H8EXFOY
3949,B00H8G2UBG
3950,B00H8G388U
3951,B00H89YFK2
3952,B00H89VRQM
3953,B00H894HSW
3954,B00H87GONK
3955,B00H7W1R42
3956,B00H7W5R20
3957,B00H7WL2EC
3958,B00H7WOSLG
3959,B00H7WYMNA
3960,B00H7XI5EQ
3961,B00H7XK3JQ
3962,B00H7XK3QY
3963,B00H7Y7J0Q
3964,B00H80H6PW
3965,B00H819HEO
3966,B00H8261CO
3967,B00H82ZGWK
3968,B00H83AJFI
3969,B00H83HQTU
3970,B00H83Y044
3971,B00H84HS1K
3972,B00H84UXP8
3973,B00H84XGS4
3974,B00H85GZ7M
3975,B00H85IOLM
3976,B00H85XCN2
3977,B00H85ZGUE
3978,B00H861ITQ
3979,B00H86KAGI
3980,B00H871F16
3981,B00H875C42
3982,B00H8G74FS
3983,B00H8G9KSM
3984,B00H8S7BHW
3985,B00H8OIAKS
3986,B00H8MPRGU
3987,B00H8N07CS
3988,B00H8NEOPY
3989,B00H8NFZGG
3990,B00H8NKONA
3991,B00H8NOX8C
3992,B00H8O0IWG
3993,B00H8OB6C2
3994,B00H8OB6E0
3995,B00H8OB6FY
3996,B00H8OB6KY
3997,B00H8OB70S
3998,B00H8OBA50
3999,B00H8OINVO
4000,B00H8GHX0Y
4001,B00H8OINX2
4002,B00H8OP6S2
4003,B00H8OPAII
4004,B00H8OSUCQ
4005,B00H8OU2K4
4006,B00H8OYHT6
4007,B00H8P3K5C
4008,B00H8P8JPI
4009,B00H8PUPBE
4010,B00H8PXA98
4011,B00H8RIQ4U
4012,B00H8RXEG0
4013,B00H8S44EK
4014,B00H8MGLJM
4015,B00H8M90D6
4016,B00H8KZ8IE
4017,B00H8KZ5QE
4018,B00H8HYX5Q
4019,B00H8I7LTU
4020,B00H8I7Q4K
4021,B00H8I7TG0
4022,B00H8I7WYY
4023,B00H8I8JY6
4024,B00H8I8KKE
4025,B00H8I8NJM
4026,B00H8IPJF8
4027,B00H8IXSA6
4028,B00H8J43BI
4029,B00H8J7RRK
4030,B00H8J7SRO
4031,B00H8JBHHG
4032,B00H8JK1U0
4033,B00H8JOUPM
4034,B00H8JSJ8Q
4035,B00H8K25BW
4036,B00H8KAZKA
4037,B00H8KDTYY
4038,B00H8KE1P0
4039,B00H8KEEWU
4040,B00H8KF5XC
4041,B00H8KFYRE
4042,B00H8KYSI0
4043,B00H8KZ40Q
4044,B00H8KZ50U
4045,B00H9PYFRI
4046,B00H9PYYAG
4047,B00HAYSEMK
4048,B00HAJLZ8U
4049,B00HAFA18O
4050,B00HAFBM9G
4051,B00HAFFXLY
4052,B00HAGI20M
4053,B00HAH2JG4
4054,B00HAHALVE
4055,B00HAHJNXG
4056,B00HAHQ4SS
4057,B00HAHQ6WW
4058,B00HAIBTZU
4059,B00HAJ1CRE
4060,B00HAJGWMO
4061,B00HAJI6HS
4062,B00HAJZNJM
4063,B00HAO7EU8
4064,B00HAKXHL2
4065,B00HAKYULS
4066,B00HAL20TQ
4067,B00HAL23XY
4068,B00HAL34AU
4069,B00HAL99DG
4070,B00HALE7EM
4071,B00HALE87I
4072,B00HALWSKM
4073,B00HAM7S10
4074,B00HAMU8SK
4075,B00HAMVGBI
4076,B00HANAIQG
4077,B00HAB9ZXK
4078,B00HA9YZZU
4079,B00HA9394I
4080,B00HA8RZHQ
4081,B00HA508LO
4082,B00HA50DHS
4083,B00HA50JNG
4084,B00HA50JSQ
4085,B00HA50K94
4086,B00HA50OZY
4087,B00HA50P3A
4088,B00HA50PP8
4089,B00HA50QSE
4090,B00HA50VCA
4091,B00HA50VHU
4092,B00HA50W7E
4093,B00HA50WGA
4094,B00HA50WGK
4095,B00HA51192
4096,B00HA511DS
4097,B00HA511RE
4098,B00HA5177S
4099,B00HA517AU
4100,B00HA51CQO
4101,B00HA73QRA
4102,B00HA8G4NC
4103,B00HA8I5V6
4104,B00HA8IAHU
4105,B00HA8ICBE
4106,B00HA8MPK8
4107,B00HA8RPVW
4108,B00HANDYBM
4109,B00HAOM9LM
4110,B00HA502MO
4111,B00HAYRN18
4112,B00HAWMZ9A
4113,B00HAWVWPS
4114,B00HAXR3QE
4115,B00HAXTF8S
4116,B00HAXUM6W
4117,B00HAXUNPC
4118,B00HAXUNTI
4119,B00HAYRLZ6
4120,B00HAYRM1E
4121,B00HAYRM4G
4122,B00HAYRM5U
4123,B00HAYRM64
4124,B00HAYRN04
4125,B00HAYRN22
4126,B00HAOQOOU
4127,B00HAYRNTU
4128,B00HAYRNWM
4129,B00HAYRNYU
4130,B00HAYROLM
4131,B00HAYRON0
4132,B00HAYRPDE
4133,B00HAYRPDY
4134,B00HAYRPGG
4135,B00HAYRPIO
4136,B00HAYRPIY
4137,B00HAYRQ3I
4138,B00HAYRQ42
4139,B00HAYRQDI
4140,B00HAW254A
4141,B00HAW17JE
4142,B00HAVYWUG
4143,B00HAVGMV8
4144,B00HAPASWI
4145,B00HAPD6MC
4146,B00HAPDQ72
4147,B00HAPMPCY
4148,B00HAPPECC
4149,B00HAPS3ZW
4150,B00HAQ9LKC
4151,B00HAQFLU6
4152,B00HAQFTDK
4153,B00HAQGX3U
4154,B00HAQYZD0
4155,B00HAQZ9Z8
4156,B00HAR48VI
4157,B00HARPISA
4158,B00HARU39E
4159,B00HARYIRC
4160,B00HAT1UI0
4161,B00HAT5EXM
4162,B00HAT649A
4163,B00HATMH4Q
4164,B00HATN2UO
4165,B00HATWT3A
4166,B00HAU027Y
4167,B00HAUHA10
4168,B00HAUHACE
4169,B00HAUL200
4170,B00HAUM55G
4171,B00HA502VU
4172,B00HA502I8
4173,B00H9PZ8HO
4174,B00H9Y2A9E
4175,B00H9UF8ME
4176,B00H9UGWAG
4177,B00H9UYGR2
4178,B00H9VKS32
4179,B00H9WAHPU
4180,B00H9WMKVO
4181,B00H9WMKXC
4182,B00H9WNVI0
4183,B00H9X7CKC
4184,B00H9X8MAG
4185,B00H9X902A
4186,B00H9XOJQM
4187,B00H9XRKA4
4188,B00H9YEBSW
4189,B00HA4V8F0
4190,B00H9YX8A4
4191,B00H9ZAJVO
4192,B00H9ZJWVM
4193,B00H9ZN99S
4194,B00H9ZT4LA
4195,B00HA0YPJA
4196,B00HA11YF2
4197,B00HA12Z7I
4198,B00HA1N6Y4
4199,B00HA29O1M
4200,B00HA29O6M
4201,B00HA29OJO
4202,B00HA2MPYA
4203,B00H9UDSQC
4204,B00H9THUB2
4205,B00H9T54TW
4206,B00H9T54RO
4207,B00H9Q01ZM
4208,B00H9Q08FK
4209,B00H9Q0ABW
4210,B00H9Q0E86
4211,B00H9Q0IAA
4212,B00H9Q0MQK
4213,B00H9Q0PD0
4214,B00H9Q158Y
4215,B00H9Q1OLM
4216,B00H9Q2HY0
4217,B00H9Q2L64
4218,B00H9Q3DBG
4219,B00H9Q3UXC
4220,B00H9Q40KO
4221,B00H9Q42KC
4222,B00H9Q44E6
4223,B00H9Q48ME
4224,B00H9Q5GX4
4225,B00H9QLPFC
4226,B00H9R5E30
4227,B00H9RQH5E
4228,B00H9S2OV4
4229,B00H9SBF3M
4230,B00H9SELR4
4231,B00H9SKOLQ
4232,B00H9SOZAC
4233,B00H9SSW60
4234,B00HA38IK4
4235,B00HA4VDJ6
4236,B00HA50210
4237,B00HA4YUZU
4238,B00HA4Y7NA
4239,B00HA4YC5I
4240,B00HA4YCFI
4241,B00HA4YCGM
4242,B00HA4YCJE
4243,B00HA4YCM6
4244,B00HA4YGM2
4245,B00HA4YHN0
4246,B00HA4YM3U
4247,B00HA4YM6C
4248,B00HA4YM80
4249,B00HA4YMJO
4250,B00HA4YMO4
4251,B00HA4YVH2
4252,B00HA4VIXW
4253,B00HA4YVVI
4254,B00HA4Z14E
4255,B00HA4Z1GW
4256,B00HA4Z1R6
4257,B00HA4Z6GW
4258,B00HA4ZBQW
4259,B00HA4ZC5C
4260,B00HA4ZCK2
4261,B00HA4ZCMK
4262,B00HA4ZH34
4263,B00HA4ZSCE
4264,B00HA4ZWYI
4265,B00HA4ZX9M
4266,B00HA4Y3A2
4267,B00HA4Y2UI
4268,B00HA4Y2LM
4269,B00HA4XXY4
4270,B00HA4VP1W
4271,B00HA4VRO2
4272,B00HA4VYMW
4273,B00HA4WELW
4274,B00HA4WEM6
4275,B00HA4WENK
4276,B00HA4WETO
4277,B00HA4WFCA
4278,B00HA4WK5W
4279,B00HA4WK8E
4280,B00HA4WL8S
4281,B00HA4WLLU
4282,B00HA4WQT2
4283,B00HA4WQVA
4284,B00HA4WRHS
4285,B00HA4WW50
4286,B00HA4X1UK
4287,B00HA4X21I
4288,B00HA4X7FO
4289,B00HA4XBN2
4290,B00HA4XHT0
4291,B00HA4XRH2
4292,B00HA4XRNQ
4293,B00HA4XS6M
4294,B00HA4XWZO
4295,B00HA4XXCQ
4296,B00HA4XXGC
4297,B00HR0QUT6
4298,B00HRXERYI
4299,B00HR1M8KK
4300,B00I38ZYIE
4301,B00I33P3NU
4302,B00I33V352
4303,B00I33Z49I
4304,B00I34GBCQ
4305,B00I34JJR0
4306,B00I36FX5K
4307,B00I36IDCA
4308,B00I36N3KM
4309,B00I370IYA
4310,B00I38KJA2
4311,B00I38PCKE
4312,B00I38UBRI
4313,B00I38Y6JC
4314,B00I391KLI
4315,B00I3TAUG4
4316,B00I39RI4G
4317,B00I3A5VQ2
4318,B00I3A5WX4
4319,B00I3A5ZP4
4320,B00I3A64VI
4321,B00I3A6GKW
4322,B00I3ASHCM
4323,B00I3AW7NM
4324,B00I3BVTZS
4325,B00I3C1KCE
4326,B00I3C347S
4327,B00I3C34D2
4328,B00I3DIMCE
4329,B00I33MRCU
4330,B00I33MAOU
4331,B00I33617C
4332,B00I335PTC
4333,B00I2XOHCE
4334,B00I2XOI3M
4335,B00I2XOIJG
4336,B00I2XOJ36
4337,B00I2XOLH0
4338,B00I2XOMG0
4339,B00I2XOUJ4
4340,B00I2XPN9A
4341,B00I2XQBPU
4342,B00I2Y76GW
4343,B00I2YBDVG
4344,B00I2YBF6Y
4345,B00I2YBG5Y
4346,B00I2YBIAC
4347,B00I2YBRVM
4348,B00I2YDGSY
4349,B00I2YKN62
4350,B00I2Z9BLE
4351,B00I2ZCP8A
4352,B00I2ZNFH0
4353,B00I2ZVNMY
4354,B00I30FOQ4
4355,B00I31RG7S
4356,B00I31WMCW
4357,B00I3247II
4358,B00I32QFN8
4359,B00I330DLC
4360,B00I3DSG1G
4361,B00I3EXQNI
4362,B00I3F7N04
4363,B00I3MPUAW
4364,B00I3N59E8
4365,B00I3N92DM
4366,B00I3NTPO8
4367,B00I3OUHI0
4368,B00I3OULQ8
4369,B00I3P21MO
4370,B00I3P8LLE
4371,B00I3PD4JS
4372,B00I3PFXDS
4373,B00I3POA7I
4374,B00I3PQAEO
4375,B00I3PQB98
4376,B00I3PQBLQ
4377,B00I3PR3Q8
4378,B00I3PW46C
4379,B00I3RB63M
4380,B00I3RIFYK
4381,B00I3RLJJS
4382,B00I3RO224
4383,B00I3RU66U
4384,B00I3RZEM6
4385,B00I3SMARM
4386,B00I3T2J5Y
4387,B00I3T2KAS
4388,B00I3T2KBM
4389,B00I3T2KBW
4390,B00I3T2KCQ
4391,B00I3MT1CU
4392,B00I3MOU58
4393,B00I3FNAZQ
4394,B00I3MFQ9M
4395,B00I3FWQ7O
4396,B00I3G545E
4397,B00I3GKMH4
4398,B00I3HDBK8
4399,B00I3I3LUC
4400,B00I3ILMO4
4401,B00I3INA7Q
4402,B00I3IP4ZM
4403,B00I3J5DR0
4404,B00I3J97FY
4405,B00I3JI6SI
4406,B00I3JVP4U
4407,B00I3KPUXQ
4408,B00I3KQ1CA
4409,B00I3KUNKG
4410,B00I3KY898
4411,B00I3L0WRE
4412,B00I3L2K24
4413,B00I3LCARY
4414,B00I3LG3TK
4415,B00I3LIFJ6
4416,B00I3LILSG
4417,B00I3LJBF8
4418,B00I3LQQXS
4419,B00I3M3SN8
4420,B00I3M84GE
4421,B00I3MAJ6M
4422,B00I2XOGOI
4423,B00I2XNJXC
4424,B00I2XNIAG
4425,B00I2727ZO
4426,B00I281SWQ
4427,B00I28MA3W
4428,B00I28VDO4
4429,B00I29EYBC
4430,B00I29KIVW
4431,B00I29OVTW
4432,B00I2AW0RQ
4433,B00I2AY290
4434,B00I2C0MHO
4435,B00I2DJZCG
4436,B00I2DMJ06
4437,B00I2DXABS
4438,B00I2DYQI4
4439,B00I2DZKD4
4440,B00I2E6J7E
4441,B00I2E8J04
4442,B00I2EFYJS
4443,B00I2EK28G
4444,B00I2ESZLM
4445,B00I2ETHKK
4446,B00I2ETML4
4447,B00I2ETV8S
4448,B00I2EUFSS
4449,B00I2EULPK
4450,B00I2EXXOQ
4451,B00I2F1QNA
4452,B00I2GGCF6
4453,B00I276NFY
4454,B00I26S3KI
4455,B00I2GTX66
4456,B00I26RMXW
4457,B00I1QL0WW
4458,B00I1QTSW6
4459,B00I1RIJI4
4460,B00I1RK0EK
4461,B00I1RSRCM
4462,B00I1S5HAQ
4463,B00I1T0Q4C
4464,B00I1U38SM
4465,B00I1U4GME
4466,B00I1ULB4U
4467,B00I1ULCJE
4468,B00I1W1R8I
4469,B00I1XE3Q0
4470,B00I1Z1XCA
4471,B00I1ZSG02
4472,B00I21KH3E
4473,B00I226DFY
4474,B00I22Z73I
4475,B00I233C8Y
4476,B00I23M9EM
4477,B00I23NB4E
4478,B00I23PQ74
4479,B00I25S3FE
4480,B00I25SDC2
4481,B00I25UGYU
4482,B00I2614U4
4483,B00I26KC9I
4484,B00I2GILZK
4485,B00I2HEGBW
4486,B00I2XMYZG
4487,B00I2UUGUE
4488,B00I2V01HQ
4489,B00I2VAI7O
4490,B00I2VBFMG
4491,B00I2VBGHK
4492,B00I2VBH6U
4493,B00I2VBHS8
4494,B00I2VFFHC
4495,B00I2VH85E
4496,B00I2VHQFG
4497,B00I2VKSBA
4498,B00I2VLHJM
4499,B00I2VZIC4
4500,B00I2VZQ76
4501,B00I2VZQPS
4502,B00I2VZSA6
4503,B00I2VZWGQ
4504,B00I2W5V70
4505,B00I2WC5L0
4506,B00I2WKHCE
4507,B00I2WRY1Q
4508,B00I2WYQGC
4509,B00I2X727G
4510,B00I2XFULQ
4511,B00I2XHSL6
4512,B00I2XHT1K
4513,B00I2XM3SY
4514,B00I2XMYBU
4515,B00I2UZXZW
4516,B00I2UFY3I
4517,B00I2JBJJM
4518,B00I2U9T0M
4519,B00I2JM3EW
4520,B00I2JU8H6
4521,B00I2K25QC
4522,B00I2K33PE
4523,B00I2KAUX2
4524,B00I2KAUZU
4525,B00I2KAV72
4526,B00I2KAVB8
4527,B00I2KAXMU
4528,B00I2KAXOI
4529,B00I2KC8I2
4530,B00I2KGE00
4531,B00I2KGEH8
4532,B00I2KJEFW
4533,B00I2KXZ3O
4534,B00I2NW04Q
4535,B00I2Q8E8Y
4536,B00I2QALI0
4537,B00I2QM3VS
4538,B00I2S541W
4539,B00I2TBET2
4540,B00I2TPLVY
4541,B00I2TPMSQ
4542,B00I2TTCG4
4543,B00I2TTEBC
4544,B00I2U3DOU
4545,B00I2U5RVC
4546,B00I3T2NWI
4547,B00I3TW04E
4548,B00I1P9MF0
4549,B00I4IYMJ0
4550,B00I4IWO4A
4551,B00I4IWXBE
4552,B00I4IWYWM
4553,B00I4IX66U
4554,B00I4IXC9G
4555,B00I4IXJ3K
4556,B00I4IXLII
4557,B00I4IXMZ0
4558,B00I4IXONA
4559,B00I4IXQAQ
4560,B00I4IYG6O
4561,B00I4IYHTU
4562,B00I4IYKYW
4563,B00I4IYXSK
4564,B00I3TWKIA
4565,B00I4J040A
4566,B00I4J63WI
4567,B00I4JZO6E
4568,B00I4JZOAK
4569,B00I4JZOIC
4570,B00I4JZOIM
4571,B00I4JZOJQ
4572,B00I4JZTPU
4573,B00I4JZTQE
4574,B00I4JZU4A
4575,B00I4KPG2K
4576,B00I4L2J1A
4577,B00I4LGTVG
4578,B00I4IWJB8
4579,B00I4IWIGY
4580,B00I4IWFQC
4581,B00I4IW9JU
4582,B00I4DTVKA
4583,B00I4DX408
4584,B00I4DY99S
4585,B00I4E0UWC
4586,B00I4E2S7C
4587,B00I4E3AE2
4588,B00I4E70BQ
4589,B00I4E7Z98
4590,B00I4EBBLG
4591,B00I4EKZZO
4592,B00I4EL7UQ
4593,B00I4EM1II
4594,B00I4EM1QK
4595,B00I4EMH1O
4596,B00I4ERM00
4597,B00I4EVED6
4598,B00I4EVEE0
4599,B00I4EVEGI
4600,B00I4F5TGS
4601,B00I4FFPEY
4602,B00I4G3I1K
4603,B00I4G3IAG
4604,B00I4G3IFQ
4605,B00I4GPSPE
4606,B00I4GW04Q
4607,B00I4HBDXE
4608,B00I4IR4MC
4609,B00I4LH7C6
4610,B00I4NN7KU
4611,B00I4NNZ34
4612,B00I4TK70M
4613,B00I4UK242
4614,B00I4UZVES
4615,B00I4V3TUU
4616,B00I4V5ATS
4617,B00I4VTUQW
4618,B00I4VXJP0
4619,B00I4VYWNS
4620,B00I4W4BD8
4621,B00I4W6IB6
4622,B00I4W8LXE
4623,B00I4W8UF8
4624,B00I4WA9AC
4625,B00I4WTV9W
4626,B00I4WU28G
4627,B00I4WU31C
4628,B00I4X01D6
4629,B00I4X1W0W
4630,B00I4X37YG
4631,B00I4X8FIY
4632,B00I4X8H5K
4633,B00I4XDK0C
4634,B00I4XE2KE
4635,B00I4XK6FE
4636,B00I4YLZ58
4637,B00I4YTZYQ
4638,B00I4YX1BE
4639,B00I4ZF4MW
4640,B00I4TUTLO
4641,B00I4T8VXW
4642,B00I4O16K2
4643,B00I4S83WC
4644,B00I4O22G4
4645,B00I4O2XAY
4646,B00I4O40TQ
4647,B00I4O5022
4648,B00I4O516W
4649,B00I4O95L4
4650,B00I4O9TEW
4651,B00I4O9Y56
4652,B00I4OA2FW
4653,B00I4OA2JI
4654,B00I4OA3N8
4655,B00I4P0102
4656,B00I4PL0HK
4657,B00I4PW7AY
4658,B00I4QE9OA
4659,B00I4QHGJK
4660,B00I4QHHKS
4661,B00I4QK14M
4662,B00I4QK17O
4663,B00I4QMG5Y
4664,B00I4R1L2C
4665,B00I4R7UO0
4666,B00I4R7VIK
4667,B00I4R7X4W
4668,B00I4R7ZU4
4669,B00I4RG8HK
4670,B00I4S83UY
4671,B00I4DQVZ8
4672,B00I4DQVT4
4673,B00I4DPSO8
4674,B00I3VWVJQ
4675,B00I3W66AK
4676,B00I3W97OC
4677,B00I3W97UQ
4678,B00I3W97ZG
4679,B00I3WSAGI
4680,B00I3WT20Q
4681,B00I3WT8VE
4682,B00I3WTDBY
4683,B00I3WTEKY
4684,B00I3XX6ZW
4685,B00I3YHYHC
4686,B00I3YOZ92
4687,B00I3YSACK
4688,B00I3YT2HW
4689,B00I3YT2IQ
4690,B00I3YT37G
4691,B00I3YT37Q
4692,B00I3YXYX0
4693,B00I3ZA2IY
4694,B00I3ZHHO6
4695,B00I3ZT4CE
4696,B00I40OQ1W
4697,B00I41M082
4698,B00I41M0BY
4699,B00I41U0K2
4700,B00I426ZGO
4701,B00I427RUW
4702,B00I3VWVK0
4703,B00I3VWVH8
4704,B00I44FMEI
4705,B00I3VWUWE
4706,B00I3TWLSE
4707,B00I3UCQ8S
4708,B00I3UI7IG
4709,B00I3UK9GY
4710,B00I3USA92
4711,B00I3UT6QS
4712,B00I3V35T6
4713,B00I3V5EZO
4714,B00I3VWMM2
4715,B00I3VWMOU
4716,B00I3VWN6C
4717,B00I3VWNBW
4718,B00I3VWNVW
4719,B00I3VWOK2
4720,B00I3VWOL6
4721,B00I3VWOM0
4722,B00I3VWP6K
4723,B00I3VWP7E
4724,B00I3VWQFU
4725,B00I3VWQLO
4726,B00I3VWRBI
4727,B00I3VWSF8
4728,B00I3VWSIA
4729,B00I3VWTPC
4730,B00I3VWTQQ
4731,B00I3VWU7Y
4732,B00I3VWUTC
4733,B00I441P6W
4734,B00I44FMSY
4735,B00I4DMV0M
4736,B00I49DYE8
4737,B00I49L1JS
4738,B00I49PCS4
4739,B00I4AO6EE
4740,B00I4BIUTU
4741,B00I4BRC58
4742,B00I4BU4Q2
4743,B00I4BV0AQ
4744,B00I4BVWS6
4745,B00I4BWDES
4746,B00I4BX9UU
4747,B00I4BZ4MQ
4748,B00I4BZCMI
4749,B00I4C0IV2
4750,B00I4C3D4G
4751,B00I4C78F6
4752,B00I4CA4KW
4753,B00I4CALUK
4754,B00I4CEFAW
4755,B00I4CEVZG
4756,B00I4CG9MO
4757,B00I4CTWRI
4758,B00I4D320U
4759,B00I4D43GW
4760,B00I4D5956
4761,B00I4D78FK
4762,B00I4D8FOI
4763,B00I4DHCA6
4764,B00I49JORO
4765,B00I499046
4766,B00I45GN5E
4767,B00I497O4O
4768,B00I45YSM4
4769,B00I46AX6I
4770,B00I46GR0E
4771,B00I46PXT0
4772,B00I46RTRO
4773,B00I46X7BQ
4774,B00I46YUU8
4775,B00I476TPQ
4776,B00I476VA4
4777,B00I47AQAU
4778,B00I47AU5Q
4779,B00I47DPWQ
4780,B00I47FU6A
4781,B00I47I0TO
4782,B00I47IZ2G
4783,B00I47J7CS
4784,B00I47NEAO
4785,B00I47S73I
4786,B00I47W3WY
4787,B00I483656
4788,B00I48AKIC
4789,B00I48FRJY
4790,B00I48LMT8
4791,B00I48PS98
4792,B00I48R3OG
4793,B00I48U8RK
4794,B00I4969HM
4795,B00I1QD6RO
4796,B00I1P4U98
4797,B00HZTIXS0
4798,B00I0CEDK8
4799,B00I0BYSBI
4800,B00I0BYU98
4801,B00I0BYV06
4802,B00I0BYVUQ
4803,B00I0C1DTW
4804,B00I0C1JQO
4805,B00I0C9DBW
4806,B00I0CBY4G
4807,B00I0CDANY
4808,B00I0CDMZA
4809,B00I0CDSFY
4810,B00I0CEAZG
4811,B00I0CECYU
4812,B00I0CEEOI
4813,B00I0DVCHO
4814,B00I0CEFBA
4815,B00I0CEGOG
4816,B00I0CEJC0
4817,B00I0CEJW0
4818,B00I0CEKO2
4819,B00I0CEKOM
4820,B00I0CELQ4
4821,B00I0CEMLI
4822,B00I0CEOCK
4823,B00I0CEQ6O
4824,B00I0CER86
4825,B00I0CET4I
4826,B00I0CEWMC
4827,B00I0BYRBO
4828,B00I0BYO8K
4829,B00I0BYJ8U
4830,B00I0BYAIY
4831,B00I096UP2
4832,B00I099SP6
4833,B00I09DK14
4834,B00I09E70C
4835,B00I09GYSU
4836,B00I09IQTK
4837,B00I09LKQG
4838,B00I09N4W4
4839,B00I0A55RA
4840,B00I0A8HR0
4841,B00I0ABPQA
4842,B00I0ADXHY
4843,B00I0AG466
4844,B00I0AJ044
4845,B00I0AVB6E
4846,B00I0B1INO
4847,B00I0B4FCK
4848,B00I0B5JDY
4849,B00I0B9C14
4850,B00I0BG5PU
4851,B00I0BI0R6
4852,B00I0BNP58
4853,B00I0BPBVY
4854,B00I0BT97Q
4855,B00I0BY62O
4856,B00I0BY7GO
4857,B00I0BY9VW
4858,B00I0CF1VI
4859,B00I0CF3WK
4860,B00I0CF4X8
4861,B00I0D1PZ8
4862,B00I0D1XKK
4863,B00I0D25U2
4864,B00I0D27PK
4865,B00I0D2ZG6
4866,B00I0D3E7U
4867,B00I0D3FUQ
4868,B00I0D3L14
4869,B00I0D3NAI
4870,B00I0D3O4S
4871,B00I0D3PAQ
4872,B00I0D3Q2I
4873,B00I0D3RE0
4874,B00I0D3T16
4875,B00I0D4HG2
4876,B00I0D5CIO
4877,B00I0D5ETG
4878,B00I0D6OM2
4879,B00I0D6U8A
4880,B00I0D75UW
4881,B00I0D76TM
4882,B00I0D77AU
4883,B00I0D7DYU
4884,B00I0D86U0
4885,B00I0DDXQC
4886,B00I0DJWDK
4887,B00I0DKH16
4888,B00I0DKO9G
4889,B00I0D1UQM
4890,B00I0D1MRY
4891,B00I0CF73K
4892,B00I0D1ASU
4893,B00I0CF7U8
4894,B00I0CF8SO
4895,B00I0CFAZA
4896,B00I0CFB36
4897,B00I0CFBQ8
4898,B00I0CFF8C
4899,B00I0CFGZO
4900,B00I0CFI5C
4901,B00I0CFTT2
4902,B00I0CG2G6
4903,B00I0CGNPG
4904,B00I0CGZGI
4905,B00I0CH936
4906,B00I0CHMJ2
4907,B00I0CHU26
4908,B00I0CIAF2
4909,B00I0CIE5S
4910,B00I0CJGEG
4911,B00I0CJIOY
4912,B00I0CNJ4Y
4913,B00I0CPQU4
4914,B00I0CRI0U
4915,B00I0CS714
4916,B00I0CSP8E
4917,B00I0CSUKC
4918,B00I0CT808
4919,B00I0CVN9C
4920,B00I093TTM
4921,B00I08XZUG
4922,B00I07NRKA
4923,B00HZY1KN0
4924,B00HZYB954
4925,B00HZYBB4I
4926,B00HZYBCKQ
4927,B00HZYBHFQ
4928,B00HZYBHYM
4929,B00HZYCMA0
4930,B00HZYCVSS
4931,B00HZYCW5A
4932,B00HZYCWM8
4933,B00HZYCXA4
4934,B00HZYCY5S
4935,B00HZYCZ2K
4936,B00HZYD5S8
4937,B00HZYD94S
4938,B00HZYGDLY
4939,B00HZYMHUA
4940,B00HZYMQ9W
4941,B00HZYNUWE
4942,B00HZYS4SE
4943,B00HZZJKOA
4944,B00HZZN05U
4945,B00HZZQH78
4946,B00HZZUBWK
4947,B00HZZUCZG
4948,B00HZZUDIC
4949,B00HZZUEJU
4950,B00HZZUVFM
4951,B00HZY8682
4952,B00HZXY07E
4953,B00I0025FU
4954,B00HZXX9BW
4955,B00HZTMPYI
4956,B00HZTO5VO
4957,B00HZTPE9G
4958,B00HZTSYD4
4959,B00HZTWZ5C
4960,B00HZU2M54
4961,B00HZUIPPK
4962,B00HZUKKXA
4963,B00HZUKPDA
4964,B00HZUOBEE
4965,B00HZUVYY4
4966,B00HZV0JJE
4967,B00HZVEV6G
4968,B00HZVMW9O
4969,B00HZWB4GA
4970,B00HZWMNE2
4971,B00HZWNMTM
4972,B00HZWV20I
4973,B00HZX8C5U
4974,B00HZX8PMK
4975,B00HZX9AMO
4976,B00HZXHD6E
4977,B00HZXI8LS
4978,B00HZXNPB6
4979,B00HZXOHE0
4980,B00HZXQ810
4981,B00HZXRXDW
4982,B00HZZV390
4983,B00I006TCU
4984,B00I07K1CC
4985,B00I03L6GQ
4986,B00I03L6IY
4987,B00I03L6S4
4988,B00I03L8MI
4989,B00I03L91I
4990,B00I03L94A
4991,B00I03L9FY
4992,B00I03L9G8
4993,B00I03L9OU
4994,B00I03L9PY
4995,B00I03L9YA
4996,B00I03LAEE
4997,B00I03MSAY
4998,B00I03R7UA
4999,B00I03TWKS
